name,current_version,latest_version,security_issues
@aws-sdk/client-sts,3.529.1,Unknown,No
@aws-sdk/credential-provider-env,3.357.0,Unknown,No
@aws-sdk/credential-provider-node,3.360.0,Unknown,No
@aws-sdk/credential-provider-process,3.357.0,Unknown,No
@aws-sdk/credential-provider-sso,3.360.0,Unknown,No
@aws-sdk/credential-provider-web-identity,3.357.0,Unknown,No
@aws-sdk/middleware-host-header,3.523.0,Unknown,No
@aws-sdk/middleware-logger,3.523.0,Unknown,No
@aws-sdk/middleware-recursion-detection,3.523.0,Unknown,No
@aws-sdk/middleware-signing,3.357.0,Unknown,No
@aws-sdk/middleware-user-agent,3.525.0,Unknown,No
@aws-sdk/region-config-resolver,3.525.0,Unknown,No
@aws-sdk/types,3.357.0,Unknown,No
@aws-sdk/util-endpoints,3.525.0,Unknown,No
@aws-sdk/util-user-agent-browser,3.523.0,Unknown,No
@aws-sdk/util-user-agent-node,3.525.0,Unknown,No
@babel/code-frame,7.16.7,Unknown,No
@babel/generator,7.17.9,Unknown,No
@babel/helper-define-polyfill-provider,0.3.1,Unknown,No
@babel/helper-plugin-utils,7.16.7,Unknown,No
@babel/helper-validator-identifier,7.16.7,Unknown,No
@babel/parser,7.17.9,Unknown,No
@babel/plugin-proposal-object-rest-spread,7.17.3,Unknown,No
@babel/plugin-syntax-jsx,7.12.1,Unknown,No
@babel/types,7.17.0,Unknown,No
@colors/colors,1.5.0,Unknown,No
@jest/transform,27.5.1,Unknown,No
@jest/types,27.5.1,Unknown,No
@nodelib/fs.stat,2.0.5,Unknown,No
@oclif/command,1.8.16,Unknown,No
@oclif/config,1.18.3,Unknown,No
@sentry/core,7.106.0,Unknown,No
@sentry/hub,6.13.3,Unknown,No
@sentry/minimal,6.13.3,Unknown,No
@sentry/types,6.13.3,Unknown,No
@sentry/utils,6.13.3,Unknown,No
@smithy/abort-controller,2.1.4,Unknown,No
@smithy/config-resolver,2.1.5,Unknown,No
@smithy/credential-provider-imds,2.0.18,Unknown,No
@smithy/eventstream-codec,2.1.4,Unknown,No
@smithy/fetch-http-handler,2.4.4,Unknown,No
@smithy/hash-node,2.1.4,Unknown,No
@smithy/invalid-dependency,2.1.4,Unknown,No
@smithy/is-array-buffer,2.1.1,Unknown,No
@smithy/middleware-content-length,2.1.4,Unknown,No
@smithy/middleware-endpoint,2.4.6,Unknown,No
@smithy/middleware-retry,2.1.6,Unknown,No
@smithy/middleware-serde,2.2.1,Unknown,No
@smithy/middleware-stack,2.1.4,Unknown,No
@smithy/node-config-provider,2.2.5,Unknown,No
@smithy/node-http-handler,2.4.2,Unknown,No
@smithy/property-provider,2.1.4,Unknown,No
@smithy/protocol-http,3.2.2,Unknown,No
@smithy/querystring-builder,2.0.12,Unknown,No
@smithy/service-error-classification,2.0.5,Unknown,No
@smithy/shared-ini-file-loader,2.2.2,Unknown,No
@smithy/signature-v4,2.1.4,Unknown,No
@smithy/smithy-client,2.4.4,Unknown,No
@smithy/types,2.11.0,Unknown,No
@smithy/url-parser,2.1.4,Unknown,No
@smithy/util-base64,2.2.0,Unknown,No
@smithy/util-body-length-browser,2.1.1,Unknown,No
@smithy/util-body-length-node,2.2.1,Unknown,No
@smithy/util-buffer-from,2.0.0,Unknown,No
@smithy/util-config-provider,2.2.1,Unknown,No
@smithy/util-defaults-mode-browser,2.1.6,Unknown,No
@smithy/util-defaults-mode-node,2.2.6,Unknown,No
@smithy/util-hex-encoding,2.0.0,Unknown,No
@smithy/util-middleware,2.1.4,Unknown,No
@smithy/util-retry,2.1.4,Unknown,No
@smithy/util-stream,2.1.4,Unknown,No
@smithy/util-uri-escape,2.0.0,Unknown,No
@smithy/util-utf8,2.2.0,Unknown,No
@storybook/csf,0.0.2--canary.7c6c115.0,Unknown,No
@types/node,17.0.25,Unknown,No
@types/ws,8.5.4,Unknown,No
@webassemblyjs/ast,1.11.1,Unknown,No
@webassemblyjs/helper-api-error,1.11.1,Unknown,No
@webassemblyjs/helper-buffer,1.11.1,Unknown,No
@webassemblyjs/helper-wasm-bytecode,1.11.1,Unknown,No
@webassemblyjs/ieee754,1.11.1,Unknown,No
@webassemblyjs/leb128,1.11.1,Unknown,No
@webassemblyjs/utf8,1.11.1,Unknown,No
@webassemblyjs/wasm-edit,1.11.1,Unknown,No
@webassemblyjs/wasm-gen,1.11.1,Unknown,No
@webassemblyjs/wasm-parser,1.11.1,Unknown,No
@webassemblyjs/wast-printer,1.9.0,Unknown,No
@wry/context,0.7.0,Unknown,No
acorn,8.7.0,8.14.0,No
acorn-walk,7.2.0,8.3.4,No
ajv,6.12.6,8.17.1,No
ajv-keywords,3.5.2,5.1.0,No
ansi-escapes,4.3.2,7.0.0,No
ansi-regex,5.0.1,6.1.0,No
ansi-styles,4.3.0,6.2.1,No
anymatch,3.1.2,3.1.3,No
aproba,1.2.0,2.0.0,No
arg,4.1.3,5.0.2,No
array-union,1.0.2,3.0.1,No
arrify,1.0.1,3.0.0,No
async,3.2.3,3.2.6,No
axe-core,4.4.1,4.10.2,No
babel-plugin-polyfill-corejs3,0.5.2,0.11.0,No
bluebird,3.7.2,3.7.2,No
bn.js,4.12.0,5.2.1,No
braces,2.3.2,3.0.3,No
buffer,4.9.2,6.0.3,No
bytes,3.0.0,3.1.2,No
call-bind,1.0.2,1.0.8,No
callsites,3.1.0,4.2.0,No
camelcase,5.3.1,8.0.0,No
camelcase-keys,6.2.2,9.1.3,No
chalk,4.1.2,5.3.0,No
chokidar,3.5.3,4.0.1,No
chownr,2.0.0,3.0.0,No
ci-info,3.3.0,4.1.0,No
clean-stack,3.0.1,5.2.0,No
cli-cursor,3.1.0,5.0.0,No
cli-ux,5.6.7,6.0.9,No
cli-width,3.0.0,4.1.0,No
color-convert,1.9.3,2.0.1,No
color-name,1.1.4,2.0.0,No
colorette,2.0.16,2.0.20,No
commander,2.20.3,12.1.0,No
compression,1.7.4,1.7.5,No
cookie,0.4.2,1.0.2,No
cosmiconfig,7.0.1,9.0.0,No
cross-spawn,6.0.5,7.0.6,No
debug,4.3.4,4.4.0,No
deepmerge,4.2.2,4.3.1,No
define-property,0.2.5,2.0.2,No
doctrine,3.0.0,3.0.0,No
dot-prop,5.3.0,9.0.0,No
emoji-regex,9.2.2,10.4.0,No
enhanced-resolve,5.9.3,5.17.1,No
escape-string-regexp,1.0.5,5.0.0,No
eslint-scope,5.1.1,8.2.0,No
eslint-visitor-keys,3.3.0,4.2.0,No
estraverse,5.3.0,5.3.0,No
events,3.3.0,3.3.0,No
execa,5.1.1,9.5.2,No
extend-shallow,2.0.1,3.0.2,No
extsprintf,1.3.0,1.4.1,No
fast-glob,3.2.11,3.3.2,No
fast-levenshtein,2.0.6,3.0.0,No
figures,2.0.0,6.1.0,No
find-cache-dir,3.3.2,5.0.0,No
find-up,5.0.0,7.0.0,No
form-data,3.0.1,4.0.1,No
fs-extra,9.1.0,11.2.0,No
fsevents,2.3.2,2.3.3,No
function-bind,1.1.1,1.1.2,No
get-intrinsic,1.1.1,1.2.6,No
get-stream,5.2.0,9.0.1,No
glob,7.2.0,11.0.0,No
glob-parent,5.1.2,6.0.2,No
glob-to-regexp,0.4.1,0.4.1,No
globals,11.12.0,15.13.0,No
globby,11.1.0,14.0.2,No
graceful-fs,4.2.10,4.2.11,No
graphql-tag,2.12.6,2.12.6,No
has-flag,4.0.0,5.0.1,No
html-minifier-terser,6.1.0,7.2.0,No
http-errors,1.8.1,2.0.0,No
icss-utils,5.1.0,5.1.0,No
ieee754,1.2.1,1.2.1,No
ignore,5.2.0,6.0.2,No
import-fresh,3.3.0,3.3.0,No
indent-string,4.0.0,5.0.0,No
inherits,2.0.4,2.0.4,No
ini,1.3.8,5.0.0,No
inquirer,7.3.3,12.2.0,No
interpret,2.2.0,3.1.1,No
is-buffer,1.1.6,2.0.5,No
is-descriptor,1.0.2,3.1.1,No
is-extendable,0.1.1,1.0.1,No
is-fullwidth-code-point,3.0.0,5.0.0,No
is-glob,4.0.3,4.0.3,No
is-number,3.0.0,7.0.0,No
is-path-inside,3.0.3,4.0.0,No
is-plain-object,2.0.4,5.0.0,No
is-stream,2.0.1,4.0.1,No
is-wsl,2.2.0,3.1.0,No
isarray,1.0.0,2.0.5,No
isobject,3.0.1,4.0.0,No
jest-haste-map,27.5.1,29.7.0,No
jest-matcher-utils,27.5.1,29.7.0,No
jest-regex-util,27.5.1,29.6.3,No
jest-util,27.5.1,29.7.0,No
jest-worker,27.5.1,29.7.0,No
js-yaml,3.14.1,4.1.0,No
jsesc,2.5.2,3.1.0,No
json-buffer,3.0.1,3.0.1,No
json5,2.2.1,2.2.3,No
jsonfile,6.1.0,6.1.0,No
keyv,4.2.2,5.2.2,No
kind-of,6.0.3,6.0.3,No
levn,0.4.1,0.4.1,No
loader-runner,4.3.0,4.3.0,No
loader-utils,2.0.2,3.3.1,No
log-symbols,4.1.0,7.0.0,No
lowercase-keys,2.0.0,3.0.0,No
lru-cache,6.0.0,11.0.2,No
make-dir,3.1.0,5.0.0,No
map-obj,1.0.1,5.0.2,No
memory-fs,0.4.1,0.5.0,No
meow,8.1.2,13.2.0,No
micromatch,4.0.5,4.0.8,No
mime-db,1.52.0,1.53.0,No
mime-types,2.1.35,2.1.35,No
mimic-fn,3.1.0,5.0.0,No
mimic-response,1.0.1,4.0.0,No
minimatch,3.1.2,10.0.1,No
mkdirp,0.5.6,3.0.1,No
moment,2.29.1,2.30.1,No
ms,2.1.3,2.1.3,No
mute-stream,0.0.8,2.0.0,No
normalize-package-data,2.5.0,7.0.0,No
normalize-path,3.0.0,3.0.0,No
normalize-url,6.1.0,8.0.1,No
npm-run-path,4.0.1,6.0.0,No
onetime,5.1.2,7.0.0,No
open,7.4.2,10.1.0,No
p-limit,2.3.0,6.1.0,No
p-map,2.1.0,7.0.3,No
parse-json,5.2.0,8.1.0,No
path-exists,3.0.0,5.0.0,No
path-key,2.0.1,4.0.0,No
path-type,4.0.0,6.0.0,No
pg-connection-string,2.5.0,2.7.0,No
pg-pool,3.5.1,3.7.0,No
pg-protocol,1.5.0,1.7.0,No
picocolors,0.2.1,1.1.1,No
pify,4.0.1,6.1.0,No
pkg-dir,4.2.0,8.0.0,No
postcss,7.0.39,8.4.49,No
postcss-modules-extract-imports,3.0.0,3.1.0,No
postcss-modules-local-by-default,4.0.0,4.2.0,No
postcss-modules-scope,3.0.0,3.2.1,No
postcss-modules-values,4.0.0,4.0.0,No
prelude-ls,1.1.2,1.2.1,No
pretty-format,27.5.1,29.7.0,No
pump,3.0.0,3.0.2,No
punycode,2.1.1,2.3.1,No
qs,6.10.3,6.13.1,No
querystring,0.2.0,0.2.1,No
range-parser,1.2.1,1.2.1,No
react-fast-compare,2.0.4,3.2.2,No
react-is,16.13.1,19.0.0,No
read-pkg-up,7.0.1,11.0.0,No
readable-stream,2.3.7,4.5.2,No
redent,3.0.0,4.0.0,No
regenerator-runtime,0.13.9,0.14.1,No
registry-auth-token,4.2.1,5.0.3,No
registry-url,5.1.0,6.0.1,No
resolve,1.22.0,1.22.9,No
resolve-from,5.0.0,5.0.0,No
responselike,2.0.0,3.0.0,No
rimraf,3.0.2,6.0.1,No
rxjs,6.6.7,7.8.1,No
safe-buffer,5.2.1,5.2.1,No
schema-utils,3.1.1,4.3.0,No
semver,7.3.7,7.6.3,No
serialize-javascript,6.0.0,6.0.2,No
setprototypeof,1.2.0,1.2.0,No
slash,3.0.0,5.1.0,No
slice-ansi,4.0.0,7.1.0,No
source-map,0.6.1,0.7.4,No
split2,3.2.2,4.2.0,No
statuses,1.5.0,2.0.1,No
string-width,4.2.3,7.2.0,No
string_decoder,1.3.0,1.3.0,No
strip-ansi,6.0.1,7.1.0,No
strip-bom,3.0.0,5.0.0,No
strip-indent,3.0.0,4.0.0,No
strip-json-comments,3.1.1,5.0.1,No
supports-color,7.2.0,9.4.0,No
symbol-observable,1.2.0,4.0.0,No
tapable,2.2.1,2.2.1,No
terser,5.12.1,5.37.0,No
terser-webpack-plugin,5.3.1,5.3.11,No
through2,4.0.2,4.0.2,No
tmp,0.2.1,0.2.3,No
ts-invariant,0.4.4,0.10.3,No
tslib,2.5.3,2.8.1,No
type-check,0.3.2,0.4.0,No
type-fest,0.20.2,4.30.1,No
universalify,2.0.0,2.0.1,No
util.promisify,1.1.1,1.1.2,No
vscode-uri,1.0.6,3.0.8,No
watchpack,2.3.1,2.4.2,No
webidl-conversions,6.1.0,7.0.0,No
webpack-dev-middleware,3.7.3,7.4.2,No
webpack-sources,1.4.3,3.2.3,No
webpack-virtual-modules,0.2.2,0.6.2,No
whatwg-url,8.7.0,14.1.0,No
which,2.0.2,5.0.0,No
winston-transport,4.5.0,4.9.0,No
wrap-ansi,6.2.0,9.0.0,No
ws,8.11.0,8.18.0,No
y18n,5.0.8,5.0.8,No
yallist,4.0.0,5.0.0,No
yargs,16.2.0,17.7.2,No
yargs-parser,20.2.9,21.1.1,No
@airtm/airtm-ui,1.8.116,Unknown,No
@airtm/utils,13.6.0,Unknown,No
@apollo/client,3.7.10,Unknown,No
@sentry/react,6.13.3,Unknown,No
@sentry/tracing,6.13.3,Unknown,No
apollo-link-sentry,1.3.1,4.0.0,No
apollo-upload-client,16.0.0,18.0.1,No
apollo3-cache-persist,0.13.0,0.15.0,No
bem-classname,0.1.1,0.1.1,No
bignumber.js,9.0.2,9.1.2,No
classnames,2.3.1,2.5.1,No
date-fns,2.28.0,4.1.0,No
date-fns-tz,1.0.10,3.2.0,No
formik,2.2.9,2.4.6,No
graphql,15.8.0,16.9.0,No
i18next,20.6.1,24.1.0,No
i18next-browser-languagedetector,6.1.4,8.0.2,No
i18next-locize-backend,4.3.0,7.0.1,No
jpegasus,1.16.1,1.16.1,No
jwt-decode,3.1.2,4.0.0,No
leanplum-sdk,1.10.0,1.13.0,No
locize,2.2.5,3.3.0,No
lodash.debounce,4.0.8,4.0.8,No
lodash.flowright,3.5.0,3.5.0,No
lodash.isequal,4.5.0,4.5.0,No
lodash.range,3.2.0,3.2.0,No
piexif-ts,2.0.16,2.1.0,No
pretty-bytes,6.1.0,6.1.1,No
prop-types,15.8.1,15.8.1,No
query-string,6.14.1,9.1.1,No
react,16.14.0,19.0.0,No
react-copy-to-clipboard,5.1.0,5.1.0,No
react-dom,16.14.0,19.0.0,No
react-dropzone,14.2.3,14.3.5,No
react-geetest-captcha,1.0.3,1.0.3,No
react-helmet,5.2.1,6.1.0,No
react-i18next,11.16.7,15.2.0,No
react-router-dom,5.1.2,7.0.2,No
unfetch,4.2.0,5.0.0,No
uuid,8.3.2,11.0.3,No
yup,0.32.11,1.5.0,No
@airtm/test-utils,8.19.0,Unknown,No
@airtm/upload-whitelisted-queries,3.0.4,Unknown,No
@babel/core,7.17.9,Unknown,No
@babel/eslint-parser,7.17.0,Unknown,No
@babel/plugin-transform-runtime,7.17.0,Unknown,No
@babel/preset-env,7.16.11,Unknown,No
@babel/preset-react,7.16.7,Unknown,No
@babel/preset-typescript,7.16.7,Unknown,No
@babel/runtime,7.16.3,Unknown,No
@commitlint/config-conventional,16.2.1,Unknown,No
@graphql-eslint/eslint-plugin,3.14.3,Unknown,No
@pmmmwh/react-refresh-webpack-plugin,0.5.5,Unknown,No
@sentry/webpack-plugin,1.18.8,Unknown,No
@storybook/addon-actions,6.5.0-alpha.62,Unknown,No
@storybook/addon-essentials,6.5.0-alpha.62,Unknown,No
@storybook/addon-links,6.5.0-alpha.62,Unknown,No
@storybook/builder-webpack5,6.5.0-alpha.62,Unknown,No
@storybook/manager-webpack5,6.5.0-alpha.62,Unknown,No
@storybook/react,6.5.0-alpha.62,Unknown,No
@testing-library/dom,7.31.2,Unknown,No
@testing-library/jest-dom,5.14.1,Unknown,No
@testing-library/react,10.4.9,Unknown,No
@testing-library/react-hooks,7.0.2,Unknown,No
@testing-library/user-event,13.5.0,Unknown,No
@types/chance,1.1.3,Unknown,No
@types/facebook-js-sdk,3.3.5,Unknown,No
@types/fork-ts-checker-webpack-plugin,0.4.5,Unknown,No
@types/react-copy-to-clipboard,5.0.7,Unknown,No
@types/react-router-dom,5.3.3,Unknown,No
@types/webpack,5.28.0,Unknown,No
@types/webpack-dev-server,4.7.2,Unknown,No
@typescript-eslint/eslint-plugin,5.20.0,Unknown,No
@typescript-eslint/parser,5.20.0,Unknown,No
apollo,2.33.10,2.34.0,No
babel-loader,8.2.5,9.2.1,No
chance,1.1.8,1.1.12,No
clean-webpack-plugin,4.0.0,4.0.0,No
commitlint,16.2.3,19.6.0,No
copy-webpack-plugin,9.1.0,12.0.2,No
css-loader,6.7.1,7.1.2,No
dotenv-flow,3.2.0,4.1.0,No
env-cmd,8.0.2,10.1.0,No
eslint,8.13.0,9.17.0,No
eslint-config-airbnb,19.0.4,19.0.4,No
eslint-config-airbnb-typescript,16.2.0,18.0.0,No
eslint-config-prettier,8.5.0,9.1.0,No
eslint-formatter-summary,1.1.0,1.1.0,No
eslint-import-resolver-babel-module,5.3.1,5.3.2,No
eslint-import-resolver-typescript,2.7.1,3.7.0,No
eslint-plugin-import,2.26.0,2.31.0,No
eslint-plugin-jest,26.1.4,28.9.0,No
eslint-plugin-jsx-a11y,6.5.1,6.10.2,No
eslint-plugin-react,7.29.4,7.37.2,No
eslint-plugin-react-hooks,4.4.0,5.1.0,No
eslint-plugin-storybook,0.5.8,0.11.1,No
fork-ts-checker-webpack-plugin,6.5.1,9.0.2,No
html-loader,3.1.0,5.1.0,No
html-webpack-plugin,5.5.0,5.6.3,No
husky,7.0.4,9.1.7,No
jest,27.5.1,29.7.0,No
jest-junit,13.2.0,16.0.0,No
jest-sonar,0.2.12,0.2.16,No
jest-transform-graphql,2.1.0,2.1.0,No
lint-staged,12.4.0,15.2.11,No
lodash.merge,4.6.2,4.6.2,No
mini-css-extract-plugin,1.6.2,2.9.2,No
msw,0.36.8,2.6.8,No
prettier,2.6.2,3.4.2,No
react-refresh,0.9.0,0.16.0,No
serve,13.0.2,14.2.4,No
storybook-addon-apollo-client,4.0.11,7.3.0,No
storybook-react-i18next,1.0.20,3.1.8,No
style-loader,3.3.1,4.0.0,No
ts-jest,27.1.4,29.2.5,No
ts-node,10.7.0,10.9.2,No
tsconfig-paths-webpack-plugin,3.5.2,4.2.0,No
webpack,5.72.0,5.97.1,No
webpack-bundle-analyzer,4.5.0,4.10.2,No
webpack-cli,4.9.2,5.1.4,No
webpack-dev-server,4.8.1,5.2.0,No
webpack-merge,5.8.0,6.0.1,No
@airtm/logger,8.20.0,Unknown,No
@airtm/normalize-graphql-query,1.1.0,Unknown,No
@ampproject/remapping,2.1.2,Unknown,No
@apollographql/apollo-tools,0.5.3,Unknown,No
@aws-crypto/crc32,3.0.0,Unknown,No
@aws-crypto/sha256-browser,3.0.0,Unknown,No
@aws-crypto/sha256-js,3.0.0,Unknown,No
@aws-sdk/client-dynamodb,3.360.0,Unknown,No
@aws-sdk/client-s3,3.529.1,Unknown,No
@aws-sdk/client-sso,3.360.0,Unknown,No
@aws-sdk/core,3.529.1,Unknown,No
@aws-sdk/credential-provider-imds,3.357.0,Unknown,No
@aws-sdk/credential-provider-ini,3.360.0,Unknown,No
@aws-sdk/lib-dynamodb,3.360.0,Unknown,No
@aws-sdk/property-provider,3.357.0,Unknown,No
@aws-sdk/protocol-http,3.357.0,Unknown,No
@aws-sdk/shared-ini-file-loader,3.357.0,Unknown,No
@aws-sdk/signature-v4,3.357.0,Unknown,No
@aws-sdk/token-providers,3.360.0,Unknown,No
@aws-sdk/util-middleware,3.357.0,Unknown,No
@babel/compat-data,7.17.7,Unknown,No
@babel/helper-compilation-targets,7.17.7,Unknown,No
@babel/helper-module-imports,7.16.7,Unknown,No
@babel/helper-module-transforms,7.17.7,Unknown,No
@babel/helper-validator-option,7.16.7,Unknown,No
@babel/helpers,7.17.9,Unknown,No
@babel/highlight,7.17.9,Unknown,No
@babel/plugin-bugfix-safari-id-destructuring-collision-in-function-expression,7.16.7,Unknown,No
@babel/plugin-bugfix-v8-spread-parameters-in-optional-chaining,7.16.7,Unknown,No
@babel/plugin-proposal-async-generator-functions,7.16.8,Unknown,No
@babel/plugin-proposal-class-properties,7.16.7,Unknown,No
@babel/plugin-proposal-class-static-block,7.17.6,Unknown,No
@babel/plugin-proposal-dynamic-import,7.16.7,Unknown,No
@babel/plugin-proposal-export-namespace-from,7.16.7,Unknown,No
@babel/plugin-proposal-json-strings,7.16.7,Unknown,No
@babel/plugin-proposal-logical-assignment-operators,7.16.7,Unknown,No
@babel/plugin-proposal-nullish-coalescing-operator,7.16.7,Unknown,No
@babel/plugin-proposal-numeric-separator,7.16.7,Unknown,No
@babel/plugin-proposal-optional-catch-binding,7.16.7,Unknown,No
@babel/plugin-proposal-optional-chaining,7.16.7,Unknown,No
@babel/plugin-proposal-private-methods,7.16.11,Unknown,No
@babel/plugin-proposal-private-property-in-object,7.16.7,Unknown,No
@babel/plugin-proposal-unicode-property-regex,7.16.7,Unknown,No
@babel/plugin-syntax-async-generators,7.8.4,Unknown,No
@babel/plugin-syntax-class-properties,7.12.13,Unknown,No
@babel/plugin-syntax-class-static-block,7.14.5,Unknown,No
@babel/plugin-syntax-dynamic-import,7.8.3,Unknown,No
@babel/plugin-syntax-export-namespace-from,7.8.3,Unknown,No
@babel/plugin-syntax-json-strings,7.8.3,Unknown,No
@babel/plugin-syntax-logical-assignment-operators,7.10.4,Unknown,No
@babel/plugin-syntax-nullish-coalescing-operator,7.8.3,Unknown,No
@babel/plugin-syntax-numeric-separator,7.10.4,Unknown,No
@babel/plugin-syntax-object-rest-spread,7.8.3,Unknown,No
@babel/plugin-syntax-optional-catch-binding,7.8.3,Unknown,No
@babel/plugin-syntax-optional-chaining,7.8.3,Unknown,No
@babel/plugin-syntax-private-property-in-object,7.14.5,Unknown,No
@babel/plugin-syntax-top-level-await,7.14.5,Unknown,No
@babel/plugin-transform-arrow-functions,7.16.7,Unknown,No
@babel/plugin-transform-async-to-generator,7.16.8,Unknown,No
@babel/plugin-transform-block-scoped-functions,7.16.7,Unknown,No
@babel/plugin-transform-block-scoping,7.16.7,Unknown,No
@babel/plugin-transform-classes,7.16.7,Unknown,No
@babel/plugin-transform-computed-properties,7.16.7,Unknown,No
@babel/plugin-transform-destructuring,7.17.7,Unknown,No
@babel/plugin-transform-dotall-regex,7.16.7,Unknown,No
@babel/plugin-transform-duplicate-keys,7.16.7,Unknown,No
@babel/plugin-transform-exponentiation-operator,7.16.7,Unknown,No
@babel/plugin-transform-for-of,7.16.7,Unknown,No
@babel/plugin-transform-function-name,7.16.7,Unknown,No
@babel/plugin-transform-literals,7.16.7,Unknown,No
@babel/plugin-transform-member-expression-literals,7.16.7,Unknown,No
@babel/plugin-transform-modules-amd,7.16.7,Unknown,No
@babel/plugin-transform-modules-commonjs,7.17.9,Unknown,No
@babel/plugin-transform-modules-systemjs,7.17.8,Unknown,No
@babel/plugin-transform-modules-umd,7.16.7,Unknown,No
@babel/plugin-transform-named-capturing-groups-regex,7.16.8,Unknown,No
@babel/plugin-transform-new-target,7.16.7,Unknown,No
@babel/plugin-transform-object-super,7.16.7,Unknown,No
@babel/plugin-transform-parameters,7.16.7,Unknown,No
@babel/plugin-transform-property-literals,7.16.7,Unknown,No
@babel/plugin-transform-react-display-name,7.16.7,Unknown,No
@babel/plugin-transform-react-jsx-development,7.16.7,Unknown,No
@babel/plugin-transform-react-jsx,7.17.3,Unknown,No
@babel/plugin-transform-react-pure-annotations,7.16.7,Unknown,No
@babel/plugin-transform-regenerator,7.17.9,Unknown,No
@babel/plugin-transform-reserved-words,7.16.7,Unknown,No
@babel/plugin-transform-shorthand-properties,7.16.7,Unknown,No
@babel/plugin-transform-spread,7.16.7,Unknown,No
@babel/plugin-transform-sticky-regex,7.16.7,Unknown,No
@babel/plugin-transform-template-literals,7.16.7,Unknown,No
@babel/plugin-transform-typeof-symbol,7.16.7,Unknown,No
@babel/plugin-transform-typescript,7.16.8,Unknown,No
@babel/plugin-transform-unicode-escapes,7.16.7,Unknown,No
@babel/plugin-transform-unicode-regex,7.16.7,Unknown,No
@babel/preset-flow,7.16.7,Unknown,No
@babel/preset-modules,0.1.5,Unknown,No
@babel/template,7.16.7,Unknown,No
@babel/traverse,7.17.9,Unknown,No
@commitlint/cli,16.2.3,Unknown,No
@commitlint/types,16.2.1,Unknown,No
@cspotcode/source-map-support,0.7.0,Unknown,No
@discoveryjs/json-ext,0.5.7,Unknown,No
@eslint/eslintrc,1.2.1,Unknown,No
@graphql-tools/code-file-loader,7.3.15,Unknown,No
@graphql-tools/graphql-tag-pluck,7.4.2,Unknown,No
@graphql-tools/utils,9.1.3,Unknown,No
@graphql-typed-document-node/core,3.1.2,Unknown,No
@humanwhocodes/config-array,0.9.5,Unknown,No
@jest/core,27.5.1,Unknown,No
@mswjs/cookies,0.1.7,Unknown,No
@mswjs/interceptors,0.12.7,Unknown,No
@nodelib/fs.walk,1.2.8,Unknown,No
@oclif/errors,1.3.5,Unknown,No
@oclif/help,1.0.1,Unknown,No
@oclif/linewrap,1.0.0,Unknown,No
@oclif/parser,3.8.7,Unknown,No
@oclif/plugin-autocomplete,0.3.0,Unknown,No
@oclif/plugin-help,3.3.1,Unknown,No
@oclif/plugin-not-found,1.2.6,Unknown,No
@oclif/plugin-plugins,1.10.11,Unknown,No
@oclif/plugin-warn-if-update-available,1.7.3,Unknown,No
@oclif/screen,1.0.4,Unknown,No
@open-draft/until,1.0.3,Unknown,No
@sentry/browser,6.13.3,Unknown,No
@sentry/cli,1.74.3,Unknown,No
@sentry/node,7.106.0,Unknown,No
@smithy/core,1.3.7,Unknown,No
@smithy/querystring-parser,2.1.4,Unknown,No
@smithy/util-endpoints,1.1.5,Unknown,No
@storybook/addon-backgrounds,6.5.0-alpha.62,Unknown,No
@storybook/addon-controls,6.5.0-alpha.62,Unknown,No
@storybook/addon-docs,6.5.0-alpha.62,Unknown,No
@storybook/addon-measure,6.5.0-alpha.62,Unknown,No
@storybook/addon-outline,6.5.0-alpha.62,Unknown,No
@storybook/addon-toolbars,6.5.0-alpha.62,Unknown,No
@storybook/addon-viewport,6.5.0-alpha.62,Unknown,No
@storybook/addons,6.5.0-alpha.62,Unknown,No
@storybook/api,6.5.0-alpha.62,Unknown,No
@storybook/channel-postmessage,6.5.0-alpha.62,Unknown,No
@storybook/channels,6.5.0-alpha.62,Unknown,No
@storybook/client-api,6.5.0-alpha.62,Unknown,No
@storybook/client-logger,6.5.0-alpha.62,Unknown,No
@storybook/components,6.5.0-alpha.62,Unknown,No
@storybook/core-client,6.5.0-alpha.62,Unknown,No
@storybook/core-common,6.5.0-alpha.62,Unknown,No
@storybook/core-events,6.5.0-alpha.62,Unknown,No
@storybook/core,6.5.0-alpha.62,Unknown,No
@storybook/docs-tools,6.5.0-alpha.62,Unknown,No
@storybook/node-logger,6.5.0-alpha.62,Unknown,No
@storybook/preview-web,6.5.0-alpha.62,Unknown,No
@storybook/react-docgen-typescript-plugin,1.0.2-canary.6.9d540b91e815f8fc2f8829189deb00553559ff63.0,Unknown,No
@storybook/router,6.5.0-alpha.62,Unknown,No
@storybook/semver,7.3.2,Unknown,No
@storybook/store,6.5.0-alpha.62,Unknown,No
@storybook/theming,6.5.0-alpha.62,Unknown,No
@storybook/ui,6.5.0-alpha.62,Unknown,No
@tsconfig/node10,1.0.8,Unknown,No
@tsconfig/node12,1.0.9,Unknown,No
@tsconfig/node14,1.0.1,Unknown,No
@tsconfig/node16,1.0.2,Unknown,No
@types/aria-query,4.2.2,Unknown,No
@types/bonjour,3.5.10,Unknown,No
@types/connect-history-api-fallback,1.3.5,Unknown,No
@types/cookie,0.4.1,Unknown,No
@types/eslint-scope,3.7.3,Unknown,No
@types/estree,0.0.51,Unknown,No
@types/express,4.17.13,Unknown,No
@types/graceful-fs,4.1.5,Unknown,No
@types/history,4.7.11,Unknown,No
@types/html-minifier-terser,6.1.0,Unknown,No
@types/inquirer,8.2.1,Unknown,No
@types/istanbul-lib-coverage,2.0.4,Unknown,No
@types/istanbul-reports,3.0.1,Unknown,No
@types/jest-axe,3.5.4,Unknown,No
@types/js-levenshtein,1.1.1,Unknown,No
@types/json-schema,7.0.11,Unknown,No
@types/lodash,4.14.181,Unknown,No
@types/minimist,1.2.2,Unknown,No
@types/parse-json,4.0.0,Unknown,No
@types/qs,6.9.7,Unknown,No
@types/react-dom,16.9.15,Unknown,No
@types/react-router,5.1.20,Unknown,No
@types/react-test-renderer,18.0.0,Unknown,No
@types/react,16.14.25,Unknown,No
@types/serve-index,1.9.1,Unknown,No
@types/sockjs,0.3.33,Unknown,No
@types/testing-library__jest-dom,5.14.3,Unknown,No
@types/webpack-env,1.16.4,Unknown,No
@types/yargs,16.0.4,Unknown,No
@typescript-eslint/experimental-utils,5.20.0,Unknown,No
@typescript-eslint/scope-manager,5.20.0,Unknown,No
@typescript-eslint/type-utils,5.20.0,Unknown,No
@typescript-eslint/types,5.20.0,Unknown,No
@typescript-eslint/typescript-estree,5.20.0,Unknown,No
@typescript-eslint/utils,5.20.0,Unknown,No
@webassemblyjs/helper-numbers,1.11.1,Unknown,No
@webassemblyjs/helper-wasm-section,1.11.1,Unknown,No
@webassemblyjs/wasm-opt,1.11.1,Unknown,No
@webassemblyjs/wast-parser,1.9.0,Unknown,No
@webpack-cli/configtest,1.1.1,Unknown,No
@webpack-cli/info,1.4.1,Unknown,No
@webpack-cli/serve,1.6.1,Unknown,No
@wry/equality,0.5.3,Unknown,No
@wry/trie,0.3.2,Unknown,No
@xtuc/ieee754,1.2.0,Unknown,No
@xtuc/long,4.2.2,Unknown,No
@zeit/schemas,2.6.0,Unknown,No
accepts,1.3.8,1.3.8,No
acorn-import-assertions,1.8.0,1.9.0,No
acorn-jsx,5.3.2,5.3.2,No
ansi-html-community,0.0.8,0.0.8,No
apollo-boost,0.4.9,0.4.9,No
apollo-codegen-core,0.40.8,0.40.9,No
apollo-codegen-flow,0.38.8,0.38.9,No
apollo-codegen-scala,0.39.8,0.39.9,No
apollo-codegen-swift,0.40.8,0.40.9,No
apollo-codegen-typescript,0.40.8,0.40.9,No
apollo-env,0.10.1,0.10.2,No
apollo-graphql,0.9.6,0.9.7,No
apollo-language-server,1.26.8,1.26.9,No
apollo-link,1.2.14,1.2.14,No
argparse,1.0.10,2.0.1,No
aria-query,4.2.2,5.3.2,No
arr-flatten,1.1.0,1.1.0,No
array-includes,3.1.4,3.1.8,No
array-uniq,1.0.3,3.0.0,No
array-unique,0.3.2,0.3.2,No
array.prototype.flat,1.3.0,1.3.2,No
array.prototype.flatmap,1.3.0,1.3.2,No
ast-types-flow,0.0.7,0.0.8,No
astral-regex,2.0.0,2.0.0,No
asynckit,0.4.0,0.4.0,No
at-least-node,1.0.0,1.0.0,No
attr-accept,2.2.2,2.2.5,No
axios,0.21.4,1.7.9,No
axobject-query,2.2.0,4.1.0,No
babel-plugin-add-react-displayname,0.0.5,0.0.5,No
babel-plugin-istanbul,6.1.1,7.0.0,No
babel-plugin-named-exports-order,0.0.2,0.0.2,No
babel-plugin-polyfill-corejs2,0.3.1,0.4.12,No
babel-plugin-polyfill-regenerator,0.3.1,0.6.3,No
babel-plugin-react-docgen,4.2.1,4.2.1,No
base64-js,1.5.1,1.5.1,No
big.js,5.2.2,6.2.2,No
bonjour-service,1.0.11,1.3.0,No
bowser,2.11.0,2.11.0,No
boxen,5.1.2,8.0.1,No
brace-expansion,1.1.11,4.0.0,No
browser-assert,1.2.1,1.2.1,No
browserslist,4.20.2,4.24.3,No
bs-logger,0.2.6,0.2.6,No
camel-case,4.1.2,5.0.0,No
cardinal,2.1.1,2.1.1,No
case-sensitive-paths-webpack-plugin,2.4.0,2.4.0,No
chrome-trace-event,1.0.3,1.0.4,No
clean-css,5.3.0,5.3.3,No
cli-progress,3.10.0,3.12.0,No
cli-truncate,3.1.0,4.0.0,No
clipboardy,2.3.0,4.0.0,No
cliui,7.0.4,8.0.1,No
clone-deep,4.0.1,4.0.1,No
combined-stream,1.0.8,1.0.8,No
common-path-prefix,3.0.0,3.0.0,No
commondir,1.0.1,1.0.1,No
compress-brotli,1.3.6,1.3.12,No
compressible,2.0.18,2.0.18,No
connect-history-api-fallback,1.6.0,2.0.0,No
conventional-changelog-conventionalcommits,4.6.3,8.0.0,No
convert-source-map,1.8.0,2.0.0,No
copy-to-clipboard,3.3.1,3.3.3,No
core-js-compat,3.22.2,3.39.0,No
core-js-pure,3.21.1,3.39.0,No
core-js,3.22.2,3.39.0,No
core-util-is,1.0.3,1.0.3,No
create-require,1.1.1,1.1.1,No
cross-fetch,3.1.5,4.0.0,No
css.escape,1.5.1,1.5.1,No
css,3.0.0,3.0.0,No
csv-parser,3.0.0,3.0.0,No
damerau-levenshtein,1.0.8,1.0.8,No
decamelize-keys,1.1.0,2.0.1,No
decode-uri-component,0.2.0,0.4.1,No
default-gateway,6.0.3,7.2.2,No
define-properties,1.1.4,1.2.1,No
del,4.1.1,8.0.0,No
depd,1.1.2,2.0.0,No
diff,4.0.2,7.0.0,No
dir-glob,3.0.1,3.0.1,No
dom-accessibility-api,0.5.13,0.7.0,No
dotenv,8.6.0,16.4.7,No
emojis-list,3.0.0,3.0.0,No
end-of-stream,1.4.4,1.4.4,No
entities,2.2.0,5.0.0,No
env-ci,5.5.0,11.1.0,No
errno,0.1.8,1.0.0,No
error-ex,1.3.2,1.3.2,No
error-stack-parser,2.0.7,2.1.4,No
es-module-lexer,0.9.3,1.5.4,No
escalade,3.1.1,3.2.0,No
escodegen,2.0.0,2.1.0,No
eslint-config-airbnb-base,15.0.0,15.0.0,No
eslint-import-resolver-node,0.3.6,0.3.9,No
eslint-module-utils,2.7.3,2.12.0,No
eslint-utils,3.0.0,3.0.0,No
espree,9.3.1,10.3.0,No
esprima,4.0.1,4.0.1,No
esquery,1.4.0,1.6.0,No
esrecurse,4.3.0,4.3.0,No
esutils,2.0.3,2.0.3,No
exceljs,4.4.0,4.4.0,No
express,4.17.3,4.21.2,No
external-editor,3.1.0,3.1.0,No
extract-files,11.0.0,13.0.0,No
extract-stack,2.0.0,3.0.0,No
fast-deep-equal,3.1.3,3.1.3,No
fast-json-stable-stringify,2.1.0,2.1.0,No
fastest-levenshtein,1.0.12,1.0.16,No
fb-watchman,2.0.1,2.0.2,No
file-entry-cache,6.0.1,10.0.4,No
file-selector,0.6.0,2.1.2,No
fill-range,4.0.0,7.1.1,No
filter-obj,1.1.0,6.1.0,No
for-each,0.3.3,0.3.3,No
fs.realpath,1.0.0,1.0.0,No
functional-red-black-tree,1.0.1,1.0.1,No
gaze,1.1.3,1.1.3,No
gensync,1.0.0-beta.2,1.0.0-beta.2,No
get-caller-file,2.0.5,2.0.5,No
git-parse,1.0.5,3.0.1,No
git-rev-sync,3.0.1,3.0.2,No
git-url-parse,11.5.0,16.0.0,No
glob-promise,3.4.0,6.0.7,No
global-agent,2.2.0,3.0.0,No
global,4.4.0,4.4.0,No
graphql-config,4.4.0,5.1.3,No
graphql-depth-limit,1.1.0,1.1.0,No
gzip-size,6.0.0,7.0.0,No
hard-rejection,2.1.0,2.1.0,No
has-symbols,1.0.3,1.1.0,No
has,1.0.3,1.0.4,No
he,1.2.0,1.2.0,No
headers-utils,3.0.2,3.0.2,No
history,4.10.1,5.3.0,No
hoist-non-react-statics,3.3.2,3.3.2,No
hosted-git-info,2.8.9,8.0.2,No
html-entities,2.3.3,2.5.2,No
html-escaper,2.0.2,3.0.3,No
html-parse-stringify,3.0.1,3.0.1,No
html-tags,3.2.0,4.0.0,No
http-proxy-middleware,2.0.6,3.0.3,No
human-signals,2.1.0,8.0.0,No
hyperlinker,1.0.0,1.0.0,No
import-local,3.1.0,3.2.0,No
imurmurhash,0.1.4,0.1.4,No
inflight,1.0.6,1.0.6,No
ioredis,5.3.2,5.4.1,No
ipaddr.js,2.0.1,2.2.0,No
is-accessor-descriptor,1.0.0,3.0.5,No
is-binary-path,2.1.0,3.0.0,No
is-core-module,2.9.0,2.16.0,No
is-data-descriptor,1.0.0,2.1.3,No
is-docker,2.2.1,3.0.0,No
is-extglob,2.1.1,2.1.1,No
is-node-process,1.0.1,1.2.0,No
is-obj,2.0.0,3.0.0,No
is-unicode-supported,0.1.0,2.1.0,No
isexe,2.0.0,3.1.1,No
isomorphic-fetch,3.0.0,3.0.0,No
jest-axe,6.0.0,9.0.0,No
jest-cli,27.5.1,29.7.0,No
jest-diff,27.5.1,29.7.0,No
jest-get-type,27.5.1,29.6.3,No
jest-serializer,27.5.1,28.0.0,No
js-levenshtein,1.1.6,1.1.6,No
jsedn,0.4.1,0.4.1,No
json-parse-better-errors,1.0.2,1.0.2,No
json-parse-even-better-errors,2.3.1,4.0.0,No
json-schema-traverse,0.4.1,1.0.0,No
json-stable-stringify-without-jsonify,1.0.1,1.0.1,No
jsx-ast-utils,3.2.2,3.3.5,No
language-tags,1.0.5,1.0.9,No
lilconfig,2.0.4,3.1.3,No
lines-and-columns,1.2.4,2.0.4,No
listr2,4.0.5,8.2.5,No
listr,0.14.3,0.14.3,No
locate-path,6.0.0,7.2.0,No
lodash-es,4.17.21,4.17.21,No
lodash.identity,3.0.0,3.0.0,No
lodash.lowercase,4.3.0,4.3.0,No
lodash.memoize,4.1.2,4.1.2,No
lodash.pickby,4.6.0,4.6.0,No
lodash,4.17.21,4.17.21,No
logform,2.4.0,2.7.0,No
loose-envify,1.4.0,1.4.0,No
lz-string,1.4.4,1.5.0,No
make-error,1.3.6,1.3.6,No
massive,6.11.2,6.11.3,No
memfs,3.4.4,4.15.0,No
merge-stream,2.0.0,2.0.0,No
merge2,1.4.1,1.4.1,No
mime,2.6.0,4.0.4,No
min-indent,1.0.1,1.0.1,No
minimist-options,4.1.0,4.1.0,No
minimist,1.2.6,1.2.8,No
nanoclone,0.2.1,1.0.2,No
natural-compare,1.4.0,1.4.0,No
natural-orderby,2.0.3,5.0.0,No
neo-async,2.6.2,2.6.2,No
nice-try,1.0.5,3.0.1,No
node-fetch,2.6.7,3.3.2,No
node-vault,0.10.2,0.10.2,No
nodemailer,6.9.12,6.9.16,No
np,7.6.1,10.1.0,No
numeral,2.0.6,2.0.6,No
object-assign,4.1.1,4.1.1,No
object-inspect,1.12.0,1.13.3,No
object-treeify,1.1.33,4.0.1,No
object.assign,4.1.2,4.1.5,No
object.entries,1.1.5,1.1.8,No
object.fromentries,2.0.5,2.0.8,No
object.getownpropertydescriptors,2.1.3,2.1.8,No
object.hasown,1.1.0,1.1.4,No
object.values,1.1.5,1.2.0,No
on-headers,1.0.2,1.0.2,No
once,1.4.0,1.4.0,No
opener,1.5.2,1.5.2,No
optimism,0.16.2,0.18.1,No
optionator,0.9.1,0.9.4,No
p-retry,4.6.1,6.2.1,No
p-try,2.2.0,3.0.0,No
param-case,3.0.4,4.0.0,No
parent-module,1.0.1,3.1.0,No
parse5,6.0.1,7.2.1,No
password-prompt,1.1.2,1.1.3,No
path-browserify,1.0.1,1.0.1,No
path-is-absolute,1.0.1,2.0.0,No
path-parse,1.0.7,1.0.7,No
path-to-regexp,6.2.0,8.2.0,No
pg,8.11.3,8.13.1,No
picomatch,2.3.1,4.0.2,No
pidtree,0.5.0,0.6.0,No
pirates,4.0.5,4.0.6,No
pkg-up,3.1.0,5.0.0,No
polished,4.2.2,4.3.1,No
portfinder,1.0.28,1.0.32,No
postcss-selector-parser,6.0.10,7.0.0,No
postcss-value-parser,4.2.0,4.2.0,No
pretty-error,4.0.0,4.0.0,No
process-nextick-args,2.0.1,2.0.1,No
process,0.11.10,0.11.10,No
property-expr,2.0.5,2.0.6,No
quick-lru,4.0.1,7.0.0,No
randombytes,2.1.0,2.1.0,No
rc,1.2.8,1.2.8,No
react-datepicker,4.13.0,7.5.0,No
react-element-to-jsx-string,14.3.4,15.0.0,No
react-error-boundary,3.1.4,4.1.2,No
react-inspector,5.1.1,6.0.2,No
react-number-format,4.9.4,5.4.2,No
react-overlays,5.1.1,5.2.1,No
react-range,1.8.12,1.10.0,No
react-router,5.1.2,7.0.2,No
react-select,5.3.0,5.9.0,No
react-side-effect,1.2.0,2.1.2,No
react-slick,0.28.1,0.30.2,No
react-transition-group,4.4.5,4.4.5,No
read-pkg,5.2.0,9.0.1,No
readdirp,3.6.0,4.0.2,No
rechoir,0.7.1,0.8.0,No
regexpp,3.2.0,3.2.0,No
relateurl,0.2.7,0.2.7,No
repeat-element,1.1.4,1.1.4,No
require-directory,2.1.1,2.1.1,No
requireindex,1.2.0,1.2.0,No
response-iterator,0.2.6,0.2.6,No
restore-cursor,3.1.0,5.1.0,No
run-async,2.4.1,3.0.0,No
scheduler,0.19.1,0.25.0,No
selfsigned,2.0.1,2.4.1,No
serve-handler,6.1.3,6.1.6,No
serve-index,1.9.1,1.9.1,No
shallow-equal,1.2.1,3.1.0,No
shebang-command,1.2.0,2.0.0,No
side-channel,1.0.4,1.1.0,No
signal-exit,3.0.7,4.1.0,No
sirv,1.0.19,3.0.0,No
snapdragon-node,2.1.1,3.0.0,No
snapdragon,0.8.2,0.12.1,No
sockjs,0.3.24,0.3.24,No
source-list-map,2.0.1,2.0.1,No
source-map-support,0.5.21,0.5.21,No
spdy,4.0.2,4.0.2,No
split-on-first,1.1.0,3.0.0,No
split-string,3.1.0,6.1.0,No
stable,0.1.8,0.1.8,No
storybook-i18n,1.0.11,3.1.1,No
strict-event-emitter,0.2.4,0.5.1,No
strict-uri-encode,2.0.0,2.0.0,No
string-argv,0.3.1,0.3.2,No
string-similarity,4.0.4,4.0.4,No
string.prototype.matchall,4.0.7,4.0.11,No
strip-final-newline,2.0.0,4.0.0,No
supports-hyperlinks,2.2.0,3.1.0,No
supports-preserve-symlinks-flag,1.0.0,1.0.0,No
table,6.8.0,6.9.0,No
telejson,5.3.3,7.2.0,No
text-table,0.2.0,0.2.0,No
through,2.3.8,2.3.8,No
tiny-invariant,1.2.0,1.3.3,No
tiny-warning,1.0.3,1.0.3,No
to-fast-properties,2.0.0,4.0.0,No
to-regex,3.0.2,3.0.2,No
toidentifier,1.0.1,1.0.1,No
toposort,2.0.2,2.0.2,No
tr46,2.1.0,5.0.0,No
trim-newlines,3.0.1,5.0.0,No
triple-beam,1.3.0,1.4.1,No
ts-dedent,2.2.0,2.2.0,No
tsconfig-paths,3.14.1,4.2.0,No
tsutils,3.21.0,3.21.0,No
tty,1.0.1,1.0.1,No
update-check,1.5.2,1.5.4,No
uri-js,4.4.1,4.4.1,No
util-deprecate,1.0.2,1.0.2,No
uuid-browser,3.1.0,3.1.0,No
v8-compile-cache-lib,3.0.1,3.0.1,No
v8-compile-cache,2.3.0,2.4.0,No
validate-npm-package-license,3.0.4,3.0.4,No
vary,1.1.2,1.1.2,No
walker,1.0.8,1.0.8,No
webpack-hot-middleware,2.25.1,2.26.1,No
webpack-log,2.0.0,3.0.2,No
wildcard,2.0.0,2.0.1,No
write-file-atomic,3.0.3,6.0.0,No
xml,1.0.1,1.0.1,No
yaml,1.10.2,2.6.1,No
yn,3.1.1,5.0.0,No
zen-observable-ts,1.2.5,1.1.0,No
@apollo/federation,0.38.1,Unknown,No
@apollographql/graphql-language-service-interface,2.0.2,Unknown,No
@aws-crypto/ie11-detection,3.0.0,Unknown,No
@aws-crypto/sha1-browser,3.0.0,Unknown,No
@aws-crypto/supports-web-crypto,3.0.0,Unknown,No
@aws-crypto/util,3.0.0,Unknown,No
@aws-sdk/client-firehose,3.529.1,Unknown,No
@aws-sdk/client-sso-oidc,3.360.0,Unknown,No
@aws-sdk/config-resolver,3.357.0,Unknown,No
@aws-sdk/eventstream-codec,3.357.0,Unknown,No
@aws-sdk/fetch-http-handler,3.357.0,Unknown,No
@aws-sdk/hash-node,3.357.0,Unknown,No
@aws-sdk/invalid-dependency,3.357.0,Unknown,No
@aws-sdk/is-array-buffer,3.310.0,Unknown,No
@aws-sdk/middleware-bucket-endpoint,3.525.0,Unknown,No
@aws-sdk/middleware-content-length,3.357.0,Unknown,No
@aws-sdk/middleware-endpoint-discovery,3.357.0,Unknown,No
@aws-sdk/middleware-endpoint,3.357.0,Unknown,No
@aws-sdk/middleware-expect-continue,3.523.0,Unknown,No
@aws-sdk/middleware-flexible-checksums,3.523.0,Unknown,No
@aws-sdk/middleware-location-constraint,3.523.0,Unknown,No
@aws-sdk/middleware-retry,3.357.0,Unknown,No
@aws-sdk/middleware-sdk-s3,3.525.0,Unknown,No
@aws-sdk/middleware-serde,3.357.0,Unknown,No
@aws-sdk/middleware-ssec,3.523.0,Unknown,No
@aws-sdk/middleware-stack,3.357.0,Unknown,No
@aws-sdk/node-config-provider,3.357.0,Unknown,No
@aws-sdk/node-http-handler,3.360.0,Unknown,No
@aws-sdk/signature-v4-multi-region,3.525.0,Unknown,No
@aws-sdk/smithy-client,3.360.0,Unknown,No
@aws-sdk/url-parser,3.357.0,Unknown,No
@aws-sdk/util-base64,3.310.0,Unknown,No
@aws-sdk/util-body-length-browser,3.310.0,Unknown,No
@aws-sdk/util-body-length-node,3.310.0,Unknown,No
@aws-sdk/util-defaults-mode-browser,3.360.0,Unknown,No
@aws-sdk/util-defaults-mode-node,3.360.0,Unknown,No
@aws-sdk/util-dynamodb,3.360.0,Unknown,No
@aws-sdk/util-hex-encoding,3.310.0,Unknown,No
@aws-sdk/util-locate-window,3.310.0,Unknown,No
@aws-sdk/util-retry,3.357.0,Unknown,No
@aws-sdk/util-uri-escape,3.310.0,Unknown,No
@aws-sdk/util-utf8-browser,3.259.0,Unknown,No
@aws-sdk/util-utf8,3.310.0,Unknown,No
@aws-sdk/util-waiter,3.357.0,Unknown,No
@aws-sdk/xml-builder,3.523.0,Unknown,No
@babel/helper-annotate-as-pure,7.16.7,Unknown,No
@babel/helper-builder-binary-assignment-operator-visitor,7.16.7,Unknown,No
@babel/helper-create-class-features-plugin,7.17.9,Unknown,No
@babel/helper-create-regexp-features-plugin,7.17.0,Unknown,No
@babel/helper-environment-visitor,7.16.7,Unknown,No
@babel/helper-function-name,7.17.9,Unknown,No
@babel/helper-hoist-variables,7.16.7,Unknown,No
@babel/helper-optimise-call-expression,7.16.7,Unknown,No
@babel/helper-remap-async-to-generator,7.16.8,Unknown,No
@babel/helper-replace-supers,7.16.7,Unknown,No
@babel/helper-simple-access,7.17.7,Unknown,No
@babel/helper-skip-transparent-expression-wrappers,7.16.0,Unknown,No
@babel/helper-split-export-declaration,7.16.7,Unknown,No
@babel/plugin-proposal-decorators,7.17.9,Unknown,No
@babel/plugin-proposal-export-default-from,7.16.7,Unknown,No
@babel/plugin-syntax-import-assertions,7.20.0,Unknown,No
@babel/plugin-syntax-typescript,7.16.7,Unknown,No
@babel/plugin-transform-flow-strip-types,7.16.7,Unknown,No
@babel/register,7.17.7,Unknown,No
@babel/runtime-corejs3,7.17.9,Unknown,No
@base2/pretty-print-object,1.0.1,Unknown,No
@commitlint/format,16.2.1,Unknown,No
@commitlint/lint,16.2.1,Unknown,No
@commitlint/load,16.2.3,Unknown,No
@commitlint/read,16.2.1,Unknown,No
@cspotcode/source-map-consumer,0.8.0,Unknown,No
@emotion/cache,11.7.1,Unknown,No
@emotion/react,11.9.0,Unknown,No
@endemolshinegroup/cosmiconfig-typescript-loader,1.0.2,Unknown,No
@graphql-tools/graphql-file-loader,7.5.13,Unknown,No
@graphql-tools/json-file-loader,7.4.14,Unknown,No
@graphql-tools/load,7.8.8,Unknown,No
@graphql-tools/merge,8.3.14,Unknown,No
@graphql-tools/url-loader,7.16.29,Unknown,No
@humanwhocodes/object-schema,1.2.1,Unknown,No
@ioredis/commands,1.2.0,Unknown,No
@istanbuljs/load-nyc-config,1.1.0,Unknown,No
@istanbuljs/schema,0.1.3,Unknown,No
@jest/console,27.5.1,Unknown,No
@jest/reporters,27.5.1,Unknown,No
@jest/test-result,27.5.1,Unknown,No
@jridgewell/trace-mapping,0.3.9,Unknown,No
@mdx-js/react,1.6.22,Unknown,No
@nodelib/fs.scandir,2.1.5,Unknown,No
@oclif/color,0.1.2,Unknown,No
@polka/url,1.0.0-next.21,Unknown,No
@popperjs/core,2.11.5,Unknown,No
@restart/hooks,0.3.27,Unknown,No
@samverschueren/stream-to-observable,0.3.1,Unknown,No
@sentry-internal/tracing,7.106.0,Unknown,No
@smithy/eventstream-serde-browser,2.1.4,Unknown,No
@smithy/eventstream-serde-config-resolver,2.1.4,Unknown,No
@smithy/eventstream-serde-node,2.1.4,Unknown,No
@smithy/hash-blob-browser,2.1.4,Unknown,No
@smithy/hash-stream-node,2.1.4,Unknown,No
@smithy/md5-js,2.1.4,Unknown,No
@smithy/util-waiter,2.1.4,Unknown,No
@storybook/channel-websocket,6.5.0-alpha.62,Unknown,No
@storybook/core-server,6.5.0-alpha.62,Unknown,No
@storybook/mdx1-csf,0.0.1-canary.1.867dcd5.0,Unknown,No
@storybook/postinstall,6.5.0-alpha.62,Unknown,No
@storybook/source-loader,6.5.0-alpha.62,Unknown,No
@types/body-parser,1.19.2,Unknown,No
@types/eslint,8.4.1,Unknown,No
@types/express-serve-static-core,4.17.28,Unknown,No
@types/glob,7.2.0,Unknown,No
@types/http-proxy,1.17.8,Unknown,No
@types/is-function,1.0.1,Unknown,No
@types/istanbul-lib-report,3.0.0,Unknown,No
@types/jest,27.4.1,Unknown,No
@types/json-buffer,3.0.0,Unknown,No
@types/json5,0.0.29,Unknown,No
@types/node-fetch,2.6.1,Unknown,No
@types/normalize-package-data,2.4.1,Unknown,No
@types/npmlog,4.1.4,Unknown,No
@types/pretty-hrtime,1.0.1,Unknown,No
@types/prop-types,15.7.5,Unknown,No
@types/react-transition-group,4.4.4,Unknown,No
@types/retry,0.12.1,Unknown,No
@types/scheduler,0.16.2,Unknown,No
@types/serve-static,1.13.10,Unknown,No
@types/set-cookie-parser,2.4.2,Unknown,No
@types/through,0.0.30,Unknown,No
@types/warning,3.0.0,Unknown,No
@types/yargs-parser,21.0.0,Unknown,No
@typescript-eslint/visitor-keys,5.20.0,Unknown,No
@webassemblyjs/floating-point-hex-parser,1.11.1,Unknown,No
@webassemblyjs/helper-code-frame,1.9.0,Unknown,No
@webassemblyjs/helper-fsm,1.9.0,Unknown,No
@webassemblyjs/helper-module-context,1.9.0,Unknown,No
@xmldom/xmldom,0.7.5,Unknown,No
airbnb-js-shims,2.2.1,2.2.1,No
ajv-formats,2.1.1,3.0.1,No
ansi-align,3.0.1,3.0.1,No
ansi-colors,3.2.4,4.1.3,No
ansi-to-html,0.6.15,0.7.2,No
ansicolors,0.3.2,0.3.2,No
any-observable,0.5.1,0.5.1,No
apollo-cache-inmemory,1.6.6,1.6.6,No
apollo-cache,1.3.5,1.3.5,No
apollo-client,2.6.10,2.6.10,No
apollo-datasource,0.9.0,3.3.2,No
apollo-link-context,1.0.20,1.0.20,No
apollo-link-error,1.1.13,1.1.13,No
apollo-link-http,1.5.17,1.5.17,No
apollo-server-errors,2.5.0,3.3.1,No
apollo-utilities,1.3.4,1.3.4,No
arch,2.2.0,3.0.0,No
archiver,5.3.1,7.0.1,No
array-flatten,1.1.1,3.0.0,No
ast-types,0.14.2,0.14.2,No
async-exit-hook,2.0.1,2.0.1,No
await-to-js,2.1.1,3.0.0,No
aws-sdk,2.1477.0,2.1692.0,No
babel-plugin-dynamic-import-node,2.3.3,2.3.3,No
babel-plugin-macros,3.1.0,3.1.0,No
balanced-match,1.0.2,3.0.1,No
base,0.11.2,3.0.0,No
batch,0.6.1,0.6.1,No
binary-extensions,2.2.0,3.0.0,No
body-parser,1.19.2,1.20.3,No
boolean,3.2.0,3.2.0,No
bser,2.1.1,2.1.1,No
buffer-from,1.1.2,1.1.2,No
buffer-writer,2.0.0,2.0.0,No
byline,5.0.0,5.0.0,No
caniuse-lite,1.0.30001332,1.0.30001688,No
change-case,4.1.2,5.4.4,No
chardet,0.7.0,2.0.0,No
cli-boxes,2.2.1,4.0.1,No
cluster-key-slot,1.1.0,1.1.2,No
common-tags,1.8.2,1.8.2,No
compare-func,2.0.0,2.0.0,No
concat-map,0.0.1,0.0.2,No
confusing-browser-globals,1.0.11,1.0.11,No
content-disposition,0.5.2,0.5.4,No
content-type,1.0.4,1.0.5,No
cookie-signature,1.0.6,1.2.2,No
cssesc,3.0.0,3.0.0,No
csstype,3.0.11,3.1.3,No
dayjs,1.11.1,1.11.13,No
decamelize,1.2.0,6.0.0,No
deep-extend,0.6.0,0.6.0,No
deep-is,0.1.4,0.1.4,No
define-lazy-prop,2.0.0,3.0.0,No
delayed-stream,1.0.0,1.0.0,No
denque,2.1.0,2.1.0,No
diff-sequences,27.5.1,29.6.3,No
dns-equal,1.0.0,1.0.0,No
dom-helpers,5.2.1,5.2.1,No
dot-case,3.0.4,4.0.0,No
duplexer,0.1.2,0.1.2,No
electron-to-chromium,1.4.117,1.5.73,No
emittery,0.8.1,1.0.3,No
encodeurl,1.0.2,2.0.0,No
endent,2.1.0,2.1.0,No
enquire.js,2.1.6,2.1.6,No
envinfo,7.8.1,7.14.0,No
equals,1.0.5,1.0.5,No
es-abstract,1.19.5,1.23.5,No
es-shim-unscopables,1.0.0,1.0.2,No
es6-error,4.1.1,4.1.1,No
escape-goat,3.0.0,4.0.0,No
escape-html,1.0.3,1.0.3,No
etag,1.8.1,1.8.1,No
exit,0.1.2,0.1.2,No
fast-csv,4.3.6,5.0.2,No
fast-url-parser,1.1.3,1.1.3,No
fast-xml-parser,4.2.5,4.5.0,No
fastq,1.13.0,1.17.1,No
faye-websocket,0.11.4,0.11.4,No
fecha,4.2.3,4.2.3,No
file-system-cache,1.0.5,3.0.0-alpha.8,No
finalhandler,1.1.2,1.3.1,No
flat-cache,3.0.4,6.1.4,No
follow-redirects,1.14.9,1.15.9,No
fresh,0.5.2,0.5.2,No
fromentries,1.3.2,1.3.2,No
fs-monkey,1.0.3,1.0.6,No
git-up,4.0.5,8.0.0,No
github-url-from-git,1.5.0,1.5.0,No
globule,1.3.3,1.3.4,No
handle-thing,2.0.1,2.0.1,No
handlebars,4.7.7,4.7.8,No
has-property-descriptors,1.0.0,1.0.2,No
has-yarn,2.1.0,3.0.0,No
http-call,5.3.0,5.3.0,No
http-deceiver,1.2.7,1.2.7,No
http-proxy,1.18.1,1.18.1,No
https-proxy-agent,5.0.1,7.0.6,No
iconv-lite,0.4.24,0.6.3,No
ignore-walk,3.0.4,7.0.0,No
inflected,2.1.0,2.1.0,No
internal-slot,1.0.3,1.1.0,No
is-arrayish,0.2.1,0.3.2,No
is-callable,1.2.4,1.2.7,No
is-dom,1.1.0,1.1.0,No
is-function,1.0.2,1.0.2,No
is-installed-globally,0.3.2,1.0.0,No
is-interactive,1.0.0,2.0.0,No
is-observable,1.1.0,3.0.0,No
is-path-cwd,2.2.0,3.0.0,No
is-path-in-cwd,2.1.0,4.0.0,No
is-plain-obj,1.1.0,4.1.0,No
is-promise,2.2.2,4.0.0,No
is-regex,1.1.4,1.2.1,No
is-scoped,2.1.0,3.0.0,No
is-string,1.0.7,1.1.0,No
is-symbol,1.0.4,1.1.1,No
is-typedarray,1.0.0,1.0.0,No
issue-regex,3.1.0,4.3.0,No
istanbul-lib-instrument,5.2.0,6.0.3,No
java-properties,1.0.2,1.0.2,No
jest-changed-files,27.5.1,29.7.0,No
jest-config,27.5.1,29.7.0,No
jest-message-util,27.5.1,29.7.0,No
jest-resolve-dependencies,27.5.1,29.7.0,No
jest-resolve,27.5.1,29.7.0,No
jest-runner,27.5.1,29.7.0,No
jest-runtime,27.5.1,29.7.0,No
jest-snapshot,27.5.1,29.7.0,No
jest-validate,27.5.1,29.7.0,No
jest-watcher,27.5.1,29.7.0,No
js-tokens,4.0.0,9.0.1,No
json2mq,0.2.0,0.2.0,No
jszip,3.10.1,3.10.1,No
language-subtag-registry,0.3.21,0.3.23,No
lazy-universal-dotenv,3.0.1,4.0.0,No
listr-input,0.2.1,0.2.1,No
listr-silent-renderer,1.1.1,1.1.1,No
listr-update-renderer,0.5.0,0.5.0,No
listr-verbose-renderer,0.5.0,0.6.0,No
load-json-file,5.3.0,7.0.1,No
lodash.defaults,4.2.0,4.2.0,No
lodash.isarguments,3.1.0,3.1.0,No
lodash.sortby,4.7.0,4.7.0,No
lodash.truncate,4.4.2,4.4.2,No
log-update,4.0.0,6.1.0,No
makeerror,1.0.12,1.0.12,No
map-cache,0.2.2,0.2.2,No
matcher,3.0.0,5.0.0,No
mem,8.1.1,10.0.0,No
memoize-one,5.2.1,6.0.0,No
memoizerific,1.11.3,1.11.3,No
merge-descriptors,1.0.1,2.0.0,No
methods,1.1.2,1.1.2,No
min-document,2.19.0,2.19.0,No
mini-create-react-context,0.3.3,0.4.1,No
mrmime,1.0.0,2.0.0,No
multicast-dns,7.2.4,7.2.5,No
murmurhash,1.0.0,2.0.1,No
mustache,4.2.0,4.2.0,No
nanoid,3.3.2,5.0.9,No
negotiator,0.6.3,1.0.0,No
new-github-release-url,1.0.0,2.0.0,No
node-forge,1.3.1,1.3.1,No
node-releases,2.0.3,2.0.19,No
npm-name,6.0.1,8.0.0,No
npmlog,4.1.2,7.0.1,No
object-keys,1.1.1,1.1.1,No
on-finished,2.3.0,2.4.1,No
ora,5.4.1,8.1.1,No
outvariant,1.3.0,1.4.3,No
ow,0.21.0,2.0.0,No
p-locate,5.0.0,6.0.0,No
p-memoize,4.0.4,7.1.1,No
p-timeout,4.1.0,6.1.3,No
packet-reader,1.0.0,1.0.0,No
parseurl,1.3.3,1.3.3,No
pascal-case,3.1.2,4.0.0,No
path-is-inside,1.0.2,1.0.2,No
pg-cloudflare,1.1.1,1.1.1,No
pg-promise,10.11.1,11.10.2,No
pg-query-stream,4.2.3,4.7.1,No
pg-types,2.2.0,4.0.2,No
pgpass,1.0.5,1.0.5,No
postman-request,2.88.1-postman.33,2.88.1-postman.40,No
pretty-hrtime,1.0.3,1.0.3,No
progress,2.0.3,2.0.3,No
prompts,2.4.2,2.4.2,No
proxy-addr,2.0.7,2.0.7,No
proxy-from-env,1.1.0,1.1.0,No
prr,1.0.1,1.0.1,No
q,1.5.1,1.5.1,No
react-docgen-typescript,2.2.2,2.2.2,No
react-docgen,5.4.0,7.1.0,No
react-onclickoutside,6.13.0,6.13.1,No
react-popper,2.3.0,2.3.0,No
recast,0.20.5,0.23.9,No
redeyed,2.1.1,2.1.1,No
redis-errors,1.2.0,1.2.0,No
redis-parser,3.0.0,3.0.0,No
regenerator-transform,0.15.0,0.15.2,No
regex-not,1.0.2,1.0.2,No
regexp.prototype.flags,1.4.3,1.5.3,No
remark-external-links,8.0.0,10.0.0,No
remark-slug,6.1.0,8.0.0,No
renderkid,3.0.0,3.0.0,No
repeat-string,1.6.1,1.6.1,No
resize-observer-polyfill,1.5.1,1.5.1,No
resolve-cwd,3.0.0,3.0.0,No
resolve-global,1.0.0,2.0.0,No
resolve-pathname,3.0.0,3.0.0,No
retry,0.13.1,0.13.1,No
rfdc,1.3.0,1.4.1,No
roarr,2.15.4,7.21.1,No
safe-regex,1.1.0,2.1.1,No
safe-stable-stringify,2.3.1,2.5.0,No
saxes,5.0.1,6.0.0,No
select-hose,2.0.0,2.0.0,No
send,0.17.2,1.1.0,No
serialize-error,7.0.1,11.0.3,No
serve-static,1.14.2,1.16.2,No
set-cookie-parser,2.4.8,2.7.1,No
sha.js,2.4.11,2.4.11,No
shallow-clone,3.0.1,3.0.1,No
shallowequal,1.1.0,1.1.0,No
shebang-regex,1.0.0,4.0.0,No
shelljs,0.8.4,0.8.5,No
snapdragon-util,3.0.1,5.0.1,No
source-map-js,1.0.2,1.2.1,No
source-map-resolve,0.5.3,0.6.0,No
spdx-correct,3.1.1,3.2.0,No
spdx-expression-parse,3.0.1,4.0.0,No
spdy-transport,3.0.0,3.0.0,No
split,1.0.1,1.0.1,No
sprintf-js,1.0.3,1.1.3,No
stackframe,1.2.1,1.3.4,No
standard-as-callback,2.1.0,2.1.0,No
store2,2.13.2,2.14.3,No
string-env-interpolation,1.0.1,1.0.1,No
synchronous-promise,2.0.15,2.0.17,No
terminal-link,2.1.1,3.0.0,No
test-exclude,6.0.0,7.0.1,No
tiny-case,1.0.3,1.0.3,No
to-regex-range,2.1.1,5.0.1,No
toggle-selection,1.0.6,1.0.6,No
totalist,1.1.0,3.0.1,No
tv4,1.3.0,1.3.0,No
type-component,0.0.1,0.0.1,No
type-is,1.6.18,1.6.18,No
typedarray-to-buffer,3.1.5,4.0.0,No
uncontrollable,7.2.1,8.0.4,No
unixify,1.0.0,1.0.0,No
unzipper,0.10.11,0.12.3,No
update-notifier,5.1.0,7.3.1,No
use,3.1.1,3.1.1,No
utils-merge,1.0.1,1.0.1,No
value-equal,1.0.1,1.0.1,No
void-elements,3.1.0,3.1.0,No
vscode-languageserver,5.2.1,9.0.1,No
warning,4.0.3,4.0.3,No
websocket-driver,0.7.4,0.7.4,No
whatwg-fetch,3.6.2,3.6.20,No
widest-line,3.1.0,5.0.0,No
winston,3.12.0,3.17.0,No
word-wrap,1.2.3,1.2.5,No
wrappy,1.0.2,1.0.2,No
yarn,1.22.18,1.22.22,No
zen-observable,0.8.15,0.10.0,No
@apollo/subgraph,0.6.1,Unknown,No
@apollographql/graphql-language-service-parser,2.0.2,Unknown,No
@apollographql/graphql-language-service-types,2.0.2,Unknown,No
@apollographql/graphql-language-service-utils,2.0.2,Unknown,No
@ardatan/sync-fetch,0.0.1,Unknown,No
@aws-crypto/crc32c,3.0.0,Unknown,No
@aws-sdk/abort-controller,3.357.0,Unknown,No
@aws-sdk/credential-provider-http,3.525.0,Unknown,No
@aws-sdk/endpoint-cache,3.310.0,Unknown,No
@aws-sdk/middleware-sdk-sts,3.357.0,Unknown,No
@aws-sdk/querystring-builder,3.357.0,Unknown,No
@aws-sdk/querystring-parser,3.357.0,Unknown,No
@aws-sdk/service-error-classification,3.357.0,Unknown,No
@aws-sdk/util-arn-parser,3.495.0,Unknown,No
@aws-sdk/util-buffer-from,3.310.0,Unknown,No
@aws-sdk/util-config-provider,3.310.0,Unknown,No
@aws-sdk/util-stream,3.360.0,Unknown,No
@babel/helper-explode-assignable-expression,7.16.7,Unknown,No
@babel/helper-member-expression-to-functions,7.17.7,Unknown,No
@babel/helper-wrap-function,7.16.8,Unknown,No
@babel/plugin-syntax-decorators,7.17.0,Unknown,No
@babel/plugin-syntax-export-default-from,7.16.7,Unknown,No
@babel/plugin-syntax-flow,7.16.7,Unknown,No
@bcoe/v8-coverage,0.2.3,Unknown,No
@commitlint/config-validator,16.2.1,Unknown,No
@commitlint/execute-rule,16.2.1,Unknown,No
@commitlint/is-ignored,16.2.1,Unknown,No
@commitlint/parse,16.2.1,Unknown,No
@commitlint/resolve-extends,16.2.1,Unknown,No
@commitlint/rules,16.2.1,Unknown,No
@commitlint/top-level,16.2.1,Unknown,No
@dabh/diagnostics,2.0.3,Unknown,No
@emotion/babel-plugin,11.9.2,Unknown,No
@emotion/memoize,0.7.5,Unknown,No
@emotion/serialize,1.0.3,Unknown,No
@emotion/sheet,1.1.0,Unknown,No
@emotion/utils,1.1.0,Unknown,No
@emotion/weak-memoize,0.2.5,Unknown,No
@fast-csv/format,4.3.5,Unknown,No
@fast-csv/parse,4.3.6,Unknown,No
@graphql-tools/delegate,9.0.21,Unknown,No
@graphql-tools/executor-graphql-ws,0.0.5,Unknown,No
@graphql-tools/executor-http,0.0.8,Unknown,No
@graphql-tools/executor-legacy-ws,0.0.5,Unknown,No
@graphql-tools/import,6.7.14,Unknown,No
@graphql-tools/schema,9.0.12,Unknown,No
@graphql-tools/wrap,9.2.23,Unknown,No
@jest/environment,27.5.1,Unknown,No
@jest/fake-timers,27.5.1,Unknown,No
@jest/globals,27.5.1,Unknown,No
@jest/source-map,27.5.1,Unknown,No
@jest/test-sequencer,27.5.1,Unknown,No
@jridgewell/resolve-uri,3.0.5,Unknown,No
@jridgewell/sourcemap-codec,1.4.11,Unknown,No
@mdx-js/mdx,1.6.22,Unknown,No
@postman/form-data,3.1.1,Unknown,No
@postman/tough-cookie,4.1.3-postman.1,Unknown,No
@postman/tunnel-agent,0.6.3,Unknown,No
@sindresorhus/is,4.6.0,Unknown,No
@smithy/chunked-blob-reader-native,2.1.2,Unknown,No
@smithy/chunked-blob-reader,2.1.1,Unknown,No
@smithy/eventstream-serde-universal,2.1.4,Unknown,No
@storybook/builder-webpack4,6.5.0-alpha.62,Unknown,No
@storybook/csf-tools,6.5.0-alpha.62,Unknown,No
@storybook/manager-webpack4,6.5.0-alpha.62,Unknown,No
@types/babel__traverse,7.17.0,Unknown,No
@types/connect,3.4.35,Unknown,No
@types/mime,1.3.2,Unknown,No
@types/minimatch,3.0.5,Unknown,No
@types/prettier,2.6.0,Unknown,No
@types/range-parser,1.2.4,Unknown,No
@types/stack-utils,2.0.1,Unknown,No
@types/zen-observable,0.8.3,Unknown,No
@whatwg-node/fetch,0.5.4,Unknown,No
agent-base,6.0.2,7.1.3,No
aggregate-error,3.1.0,5.0.0,No
apollo-link-http-common,0.2.16,0.2.16,No
apollo-server-caching,0.7.0,3.3.0,No
apollo-server-env,3.1.0,4.2.1,No
apollo-server-types,3.7.1,3.8.0,No
app-root-dir,1.0.2,1.0.2,No
archiver-utils,2.1.0,5.0.2,No
are-we-there-yet,2.0.0,4.0.2,No
array-ify,1.0.0,1.0.0,No
assert-options,0.7.0,0.8.2,No
assign-symbols,1.0.0,2.0.2,No
atob,2.1.2,2.1.2,No
aws-sign2,0.7.0,0.7.0,No
aws4,1.12.0,1.13.2,No
babel-jest,27.5.1,29.7.0,No
babel-preset-current-node-syntax,1.0.1,1.1.0,No
better-opn,2.1.1,3.0.2,No
big-integer,1.6.51,1.6.52,No
binary,0.3.0,0.3.0,No
bl,4.1.0,6.0.16,No
brotli,1.3.3,1.3.3,No
buffer-crc32,0.2.13,1.0.0,No
buffer-indexof-polyfill,1.0.2,1.0.2,No
cache-base,1.0.1,4.0.2,No
capital-case,1.0.4,2.0.0,No
caseless,0.12.0,0.12.0,No
charcodes,0.2.0,0.2.0,No
cjs-module-lexer,1.2.2,1.4.1,No
class-utils,0.3.6,0.3.6,No
cli-spinners,2.6.1,3.2.0,No
cli-table3,0.6.2,0.6.5,No
collect-v8-coverage,1.0.1,1.0.2,No
component-emitter,1.3.0,2.0.0,No
configstore,5.0.1,7.0.0,No
console-control-strings,1.1.0,1.1.0,No
constant-case,3.0.4,4.0.0,No
cosmiconfig-typescript-loader,1.0.9,6.1.0,No
cpy,8.1.2,11.1.0,No
css-select,4.3.0,5.1.0,No
dedent,0.7.0,1.5.3,No
dequal,2.0.2,2.0.3,No
destroy,1.0.4,1.2.0,No
detect-node,2.1.0,2.1.0,No
detect-port,1.3.0,2.1.0,No
dns-packet,5.3.1,5.6.1,No
dom-converter,0.2.0,0.2.0,No
dom-walk,0.1.2,0.1.2,No
dotenv-expand,5.1.0,12.0.1,No
duplexer2,0.1.4,0.1.4,No
eastasianwidth,0.2.0,0.3.0,No
ee-first,1.1.1,1.1.1,No
elegant-spinner,1.0.1,3.0.0,No
es-to-primitive,1.2.1,1.3.0,No
es5-shim,4.6.5,4.6.7,No
es6-shim,0.35.6,0.35.8,No
estree-to-babel,3.2.1,10.0.1,No
eventemitter3,4.0.7,5.0.1,No
expect,27.5.1,29.7.0,No
extend,3.0.2,3.0.2,No
fast-json-parse,1.0.3,1.0.3,No
flatted,3.2.5,3.3.2,No
forever-agent,0.6.1,0.6.1,No
forwarded,0.2.0,0.2.0,No
fstream,1.0.12,1.0.12,No
function.prototype.name,1.1.5,1.1.6,No
functions-have-names,1.2.3,1.2.3,No
gauge,3.0.2,5.0.2,No
get-package-type,0.1.0,0.1.0,No
get-symbol-description,1.0.0,1.0.2,No
git-raw-commits,2.0.11,5.0.0,No
github-slugger,1.4.0,2.0.0,No
global-dirs,0.1.1,4.0.0,No
globalthis,1.0.2,1.0.4,No
got,10.7.0,14.4.5,No
har-validator,5.1.5,5.1.5,No
has-tostringtag,1.0.0,1.0.2,No
header-case,2.0.4,3.0.0,No
hpack.js,2.1.6,2.1.6,No
htmlparser2,6.1.0,9.1.0,No
http-parser-js,0.5.6,0.5.8,No
http-signature,1.3.6,1.4.0,No
import-lazy,2.1.0,4.0.0,No
inquirer-autosubmit-prompt,0.2.0,0.2.0,No
invariant,2.2.4,2.2.4,No
ip,1.1.5,2.0.1,No
is-absolute-url,3.0.3,4.0.1,No
is-ci,2.0.0,4.1.0,No
is-directory,0.3.1,0.3.1,No
is-negative-zero,2.0.2,2.0.3,No
is-npm,5.0.0,6.0.0,No
is-object,1.0.2,1.0.2,No
is-retry-allowed,1.2.0,3.0.0,No
is-shared-array-buffer,1.0.2,1.0.3,No
is-ssh,1.3.3,1.4.0,No
is-url-superb,4.0.0,6.1.0,No
is-weakref,1.0.2,1.1.0,No
is-window,1.0.2,1.0.2,No
is-yarn-global,0.3.0,0.4.1,No
isomorphic-ws,5.0.0,5.0.0,No
isstream,0.1.2,0.1.2,No
istanbul-lib-coverage,3.2.0,3.2.2,No
istanbul-lib-report,3.0.0,3.0.1,No
istanbul-lib-source-maps,4.0.1,5.0.6,No
istanbul-reports,3.1.4,3.1.7,No
jest-circus,27.5.1,29.7.0,No
jest-docblock,27.5.1,29.7.0,No
jest-environment-jsdom,27.5.1,29.7.0,No
jest-environment-node,27.5.1,29.7.0,No
jest-jasmine2,27.5.1,29.7.0,No
jest-leak-detector,27.5.1,29.7.0,No
jest-mock,27.5.1,29.7.0,No
jest-pnp-resolver,1.2.2,1.2.3,No
jkroso-type,1.1.1,1.1.1,No
jmespath,0.16.0,0.16.0,No
js-string-escape,1.0.1,1.0.1,No
json-stringify-safe,5.0.1,5.0.1,No
kleur,3.0.3,4.1.5,No
latest-version,5.1.0,9.0.0,No
leven,3.1.0,4.0.0,No
lie,3.3.0,3.3.0,No
listenercount,1.0.1,1.0.1,No
lodash.flatten,4.4.0,4.4.0,No
lodash.get,4.4.2,4.4.2,No
lodash.xorby,4.7.0,4.7.0,No
lodash.zip,4.2.0,4.2.0,No
lru_map,0.3.3,0.4.1,No
map-age-cleaner,0.1.3,0.2.0,No
map-or-similar,1.5.0,1.5.0,No
mdast-util-definitions,4.0.0,6.0.0,No
mdast-util-to-string,1.1.0,4.0.0,No
media-typer,0.3.0,1.1.0,No
mixin-deep,1.3.2,2.0.1,No
no-case,3.0.4,4.0.0,No
node-dir,0.1.17,0.1.17,No
node-int64,0.4.0,0.4.0,No
node-libs-browser,2.2.1,2.2.1,No
oauth-sign,0.9.0,0.9.0,No
objectorarray,1.0.5,1.0.5,No
obuf,1.1.2,1.1.2,No
one-time,1.0.0,1.0.0,No
org-regex,1.0.0,1.0.0,No
os-tmpdir,1.0.2,2.0.0,No
p-finally,1.0.0,3.0.0,No
p-settle,4.1.1,5.1.1,No
pako,1.0.11,2.1.0,No
parse-url,6.0.0,9.2.0,No
pascalcase,0.1.1,2.0.0,No
path-case,3.0.4,4.0.0,No
performance-now,2.1.0,2.1.0,No
pg-cursor,2.7.3,2.12.1,No
pg-int8,1.0.1,1.0.1,No
pg-minify,1.6.2,1.6.5,No
pinkie-promise,2.0.1,2.0.1,No
postgres-array,2.0.0,3.0.2,No
postgres-bytea,1.0.0,3.0.0,No
postgres-date,1.0.7,2.1.0,No
postgres-interval,1.2.0,4.0.2,No
promise.allsettled,1.0.5,1.0.7,No
promise.prototype.finally,3.1.3,3.1.8,No
pupa,2.1.1,3.1.0,No
ramda,0.21.0,0.30.1,No
raw-body,2.4.3,3.0.0,No
react-lifecycles-compat,3.0.4,3.0.4,No
readdir-glob,1.1.1,2.0.1,No
redis-commands,1.7.0,1.7.0,No
regexpu-core,5.0.1,6.2.0,No
request-promise-native,1.0.7,1.0.9,No
request,2.88.0,2.88.2,No
require-from-string,2.0.2,2.0.2,No
requires-port,1.0.0,1.0.0,No
resolve-url,0.2.1,0.2.1,No
resolve.exports,1.1.0,2.0.3,No
ret,0.1.15,0.5.0,No
reusify,1.0.4,1.0.4,No
run-parallel,1.2.0,1.2.0,No
safer-buffer,2.1.2,2.1.2,No
sax,1.2.1,1.4.1,No
scoped-regex,2.1.0,3.0.0,No
semver-compare,1.0.0,1.0.0,No
semver-diff,3.1.1,4.0.0,No
sentence-case,3.0.4,4.0.0,No
serve-favicon,2.5.0,2.5.0,No
set-blocking,2.0.0,2.0.0,No
setimmediate,1.0.5,1.0.5,No
sisteransi,1.0.5,1.0.5,No
snake-case,3.0.4,4.0.0,No
source-map-url,0.4.1,0.4.1,No
space-separated-tokens,1.1.5,2.0.2,No
spdx-exceptions,2.3.0,2.5.0,No
spdx-license-ids,3.0.11,3.0.20,No
spex,3.2.0,3.4.0,No
stack-trace,0.0.10,1.0.0-pre2,No
stack-utils,2.0.5,2.0.6,No
stream-length,1.0.2,1.0.2,No
string-convert,0.2.1,0.2.1,No
string-length,4.0.2,6.0.0,No
string.prototype.padend,3.1.3,3.1.6,No
string.prototype.padstart,3.1.3,3.1.6,No
string.prototype.trimend,1.0.4,1.0.9,No
string.prototype.trimstart,1.0.4,1.0.8,No
strip-eof,1.0.0,2.0.0,No
strnum,1.0.5,1.0.5,No
stylis,4.0.13,4.3.4,No
symbol.prototype.description,1.0.5,1.0.6,No
tar-stream,2.2.0,3.1.7,No
throat,6.0.1,6.0.2,No
thunky,1.1.0,1.1.0,No
tmpl,1.0.5,1.0.5,No
tunnel-agent,0.6.0,0.6.0,No
typescript,4.6.3,5.7.2,No
uglify-js,3.15.4,3.19.3,No
unbox-primitive,1.0.1,1.0.2,No
unist-util-visit,2.0.3,5.0.0,No
unpipe,1.0.0,1.0.0,No
urix,0.1.0,0.1.0,No
url,0.10.3,0.11.4,No
util,0.12.5,0.12.5,No
v8-to-istanbul,8.1.1,9.3.0,No
vali-date,1.0.0,1.0.0,No
validate-npm-package-name,3.0.0,6.0.0,No
value-or-promise,1.0.11,1.0.12,No
vscode-languageserver-protocol,3.14.1,3.17.5,No
wbuf,1.7.3,1.7.3,No
wcwidth,1.0.1,1.0.1,No
websocket-extensions,0.1.4,0.1.4,No
wordwrap,1.0.0,1.0.0,No
x-default-browser,0.4.0,0.5.2,No
xdg-basedir,4.0.0,5.1.0,No
xml2js,0.5.0,0.6.2,No
xmlchars,2.2.0,2.2.0,No
zip-stream,4.1.0,7.0.2,No
@apollo/cache-control-types,1.0.2,Unknown,No
@apollo/utils.keyvaluecache,1.0.1,Unknown,No
@apollo/utils.logger,1.0.1,Unknown,No
@babel/plugin-syntax-bigint,7.8.3,Unknown,No
@babel/plugin-syntax-import-meta,7.10.4,Unknown,No
@commitlint/ensure,16.2.1,Unknown,No
@commitlint/message,16.2.1,Unknown,No
@commitlint/to-lines,16.2.1,Unknown,No
@emotion/hash,0.8.0,Unknown,No
@emotion/unitless,0.7.5,Unknown,No
@graphql-tools/batch-execute,8.5.14,Unknown,No
@graphql-tools/executor,0.0.11,Unknown,No
@leichtgewicht/ip-codec,2.0.3,Unknown,No
@mdx-js/util,1.6.22,Unknown,No
@peculiar/webcrypto,1.4.1,Unknown,No
@repeaterjs/repeater,3.0.4,Unknown,No
@sinonjs/fake-timers,8.1.0,Unknown,No
@szmarczak/http-timer,4.0.6,Unknown,No
@types/babel__core,7.1.19,Unknown,No
@types/cacheable-request,6.0.2,Unknown,No
@types/tapable,1.0.8,Unknown,No
@types/uglify-js,3.13.2,Unknown,No
@types/unist,2.0.6,Unknown,No
@types/webpack-sources,3.2.0,Unknown,No
abort-controller,3.0.0,3.0.0,No
address,1.1.2,2.0.3,No
ajv-errors,1.0.1,3.0.0,No
apollo-reporting-protobuf,3.3.3,3.4.0,No
arr-diff,4.0.0,4.0.0,No
arr-union,3.1.0,3.1.0,No
array.prototype.map,1.0.4,1.0.7,No
assert-plus,1.0.0,1.0.0,No
assert,1.5.0,2.1.0,No
autoprefixer,9.8.8,10.4.20,No
babel-plugin-apply-mdx-type-prop,1.6.22,2.0.0,No
babel-plugin-extract-import-names,1.6.22,2.0.0,No
babel-preset-jest,27.5.1,29.6.3,No
boolbase,1.0.0,1.0.0,No
browserify-zlib,0.2.0,0.2.0,No
buffers,0.1.1,0.1.1,No
builtins,1.0.3,5.1.0,No
busboy,1.6.0,1.6.0,No
c8,7.11.2,10.1.3,No
cacache,12.0.4,19.0.1,No
cacheable-lookup,2.0.1,7.0.0,No
cacheable-request,7.0.2,13.0.2,No
caller-path,2.0.0,4.0.0,No
camelcase-css,2.0.1,2.0.1,No
chainsaw,0.1.0,0.1.0,No
char-regex,1.0.2,2.0.2,No
co,4.6.0,4.6.0,No
collection-visit,1.0.0,1.0.0,No
color-support,1.1.3,1.1.3,No
colorspace,1.1.4,1.1.4,No
compress-commons,4.1.1,7.0.0,No
console-browserify,1.2.0,1.2.0,No
constants-browserify,1.0.0,1.0.0,No
conventional-changelog-angular,5.0.13,8.0.0,No
conventional-commits-parser,3.2.4,6.0.0,No
cp-file,7.0.0,11.0.0,No
crypto-browserify,3.12.0,3.12.1,No
css-what,6.1.0,6.1.0,No
dargs,7.0.0,8.1.0,No
dataloader,2.1.0,2.2.3,No
decompress-response,5.0.0,9.0.0,No
default-browser-id,1.0.4,5.0.0,No
defaults,1.0.3,3.0.0,No
delegates,1.0.0,1.0.0,No
detab,2.0.4,3.0.2,No
detect-newline,3.1.0,4.0.1,No
domain-browser,1.2.0,5.7.0,No
domelementtype,2.3.0,2.3.0,No
domhandler,4.3.1,5.0.3,No
domutils,2.8.0,3.1.0,No
dset,3.1.2,3.1.4,No
duplexer3,0.1.4,1.0.0,No
enabled,2.0.0,2.0.0,No
extglob,2.0.4,3.0.0,No
file-loader,6.2.0,6.2.0,No
find-root,1.1.0,1.1.0,No
fn.name,1.1.0,1.1.0,No
for-in,1.0.2,1.0.2,No
form-data-encoder,1.7.2,4.0.2,No
formdata-node,4.4.1,6.0.3,No
fragment-cache,0.2.1,0.2.1,No
fs-constants,1.0.0,1.0.0,No
get-value,2.0.6,3.0.1,No
graphql-ws,5.11.2,5.16.0,No
har-schema,2.0.0,2.0.0,No
has-ansi,2.0.0,6.0.0,No
has-bigints,1.0.2,1.0.2,No
has-glob,1.0.0,1.0.0,No
has-unicode,2.0.1,2.0.1,No
has-value,1.0.0,2.0.2,No
hast-util-raw,6.0.1,9.1.0,No
https-browserify,1.0.0,1.0.0,No
immediate,3.0.6,3.3.0,No
is-arguments,1.1.1,1.2.0,No
is-date-object,1.0.5,1.1.0,No
is-generator-fn,2.1.0,3.0.0,No
is-generator-function,1.0.10,1.0.10,No
is-typed-array,1.1.12,1.1.13,No
iterate-value,1.0.2,1.0.2,No
jest-each,27.5.1,29.7.0,No
jsdom,16.7.0,25.0.1,No
jsprim,2.0.2,2.0.2,No
junk,3.1.0,4.0.1,No
klaw,1.3.1,4.1.0,No
kuler,2.0.0,2.0.0,No
lazystream,1.0.1,1.0.1,No
lodash.difference,4.5.0,4.5.0,No
lodash.escaperegexp,4.1.2,4.1.2,No
lodash.groupby,4.6.0,4.6.0,No
lodash.isboolean,3.0.3,3.0.3,No
lodash.isfunction,3.0.9,3.0.9,No
lodash.isnil,4.0.0,4.0.0,No
lodash.isplainobject,4.0.6,4.0.6,No
lodash.isundefined,3.0.1,3.0.1,No
lodash.union,4.6.0,4.6.0,No
lodash.uniq,4.5.0,4.5.0,No
lower-case,2.0.2,3.0.0,No
mdast-util-to-hast,10.0.1,13.2.0,No
meros,1.2.1,1.3.0,No
minimalistic-assert,1.0.1,1.0.1,No
mnemonist,0.38.3,0.39.8,No
nanomatch,1.2.13,1.2.13,No
nested-error-stacks,2.1.1,2.1.1,No
nth-check,2.0.1,2.1.1,No
object.pick,1.3.0,1.3.0,No
os-browserify,0.3.0,0.3.0,No
p-all,2.1.0,5.0.0,No
p-cancelable,2.1.1,4.0.1,No
p-defer,1.0.0,4.0.1,No
p-event,4.2.0,6.0.1,No
p-filter,2.1.0,4.1.0,No
p-reflect,2.1.0,3.1.0,No
package-json,6.5.0,10.0.1,No
parse-path,4.0.3,7.0.0,No
pinkie,2.0.4,2.0.4,No
pnp-webpack-plugin,1.6.4,1.7.0,No
postcss-flexbugs-fixes,4.2.1,5.0.2,No
postcss-loader,4.3.0,8.1.1,No
protocols,1.4.8,2.0.1,No
psl,1.8.0,1.15.0,No
querystring-es3,0.2.1,0.2.1,No
queue-microtask,1.2.3,1.2.3,No
raw-loader,4.0.2,4.0.2,No
regenerate-unicode-properties,10.0.1,10.2.0,No
regenerate,1.4.2,1.4.2,No
regjsgen,0.6.0,0.8.0,No
regjsparser,0.8.4,0.12.0,No
remark-footnotes,2.0.0,5.0.0,No
remark-mdx,1.6.22,3.1.0,No
remark-parse,8.0.3,11.0.0,No
remark-squeeze-paragraphs,4.0.0,6.0.0,No
remove-trailing-separator,1.1.0,1.1.0,No
request-promise-core,1.1.2,1.1.4,No
sane,4.1.0,5.0.1,No
set-immediate-shim,1.0.1,3.1.0,No
set-value,2.0.1,4.1.0,No
sshpk,1.18.0,1.18.0,No
static-extend,0.1.2,0.1.2,No
stealthy-require,1.1.1,1.1.1,No
stream-browserify,2.0.2,3.0.0,No
stream-http,2.8.3,3.2.0,No
style-to-object,0.3.0,1.0.8,No
timers-browserify,2.0.12,2.0.12,No
to-object-path,0.3.0,0.3.0,No
to-readable-stream,2.1.0,4.0.0,No
tough-cookie,2.5.0,5.0.0,No
tty-browserify,0.0.0,0.0.1,No
undici,5.14.0,7.1.0,No
unicode-match-property-ecmascript,2.0.0,2.0.0,No
unicode-match-property-value-ecmascript,2.0.0,2.2.0,No
unified,9.2.0,11.0.5,No
union-value,1.0.1,2.0.1,No
unique-string,2.0.0,3.0.0,No
unist-builder,2.0.3,4.0.0,No
unist-util-is,4.1.0,6.0.0,No
unist-util-visit-parents,3.1.1,6.0.1,No
unset-value,1.0.0,2.0.1,No
upper-case-first,2.0.2,3.0.0,No
upper-case,2.0.2,3.0.0,No
url-loader,4.1.1,4.1.1,No
url-parse,1.5.10,1.5.10,No
utila,0.4.0,0.5.0-dev.1,No
vm-browserify,1.1.2,1.1.2,No
vscode-jsonrpc,4.0.0,8.2.1,No
vscode-languageserver-types,3.14.0,3.17.5,No
watchpack-chokidar2,2.0.1,2.0.1,No
web-streams-polyfill,3.2.1,4.0.0,No
webpack-filter-warnings-plugin,1.2.1,1.2.1,No
which-boxed-primitive,1.0.2,1.1.0,No
which-typed-array,1.1.13,1.1.16,No
wide-align,1.1.5,1.1.5,No
worker-farm,1.7.0,1.7.0,No
xmlbuilder,11.0.1,15.1.1,No
xtend,4.0.2,4.0.2,No
yocto-queue,0.1.0,1.1.1,No
@apollo/protobufjs,1.2.6,Unknown,No
@cnakazawa/watch,1.0.4,Unknown,No
@peculiar/asn1-schema,2.3.3,Unknown,No
@peculiar/json-schema,1.1.12,Unknown,No
@sinonjs/commons,1.8.3,Unknown,No
@types/babel__generator,7.6.4,Unknown,No
@types/babel__template,7.4.1,Unknown,No
@types/hast,2.3.4,Unknown,No
@types/http-cache-semantics,4.0.1,Unknown,No
@types/keyv,3.1.4,Unknown,No
@types/mdast,3.0.10,Unknown,No
@types/responselike,1.0.0,Unknown,No
@types/source-list-map,0.1.2,Unknown,No
JSONStream,1.3.5,1.3.5,No
abab,2.0.6,2.0.6,No
acorn-globals,6.0.0,7.0.1,No
asn1,0.2.6,0.2.6,No
available-typed-arrays,1.0.5,1.0.7,No
babel-plugin-jest-hoist,27.5.1,29.6.3,No
bail,1.0.5,2.0.2,No
bcrypt-pbkdf,1.0.2,1.0.2,No
bplist-parser,0.1.1,0.3.2,No
browserify-cipher,1.0.1,1.0.1,No
browserify-sign,4.2.1,4.2.3,No
builtin-status-codes,3.0.0,3.0.0,No
caller-callsite,2.0.0,5.0.0,No
capture-exit,2.0.0,2.0.0,No
ccount,1.1.0,2.0.1,No
clone-response,1.0.2,2.0.0,No
clone,1.0.4,2.1.2,No
code-point-at,1.1.0,2.0.0,No
collapse-white-space,1.0.6,2.1.0,No
color,3.2.1,4.2.3,No
crc32-stream,4.0.2,7.0.1,No
create-ecdh,4.0.4,4.0.4,No
create-hash,1.2.0,1.2.0,No
create-hmac,1.1.7,1.1.7,No
crypto-random-string,2.0.0,5.0.0,No
cssom,0.4.4,0.5.0,No
cssstyle,2.3.0,4.1.0,No
dashdash,1.14.1,2.0.0,No
data-urls,2.0.0,5.0.0,No
decimal.js,10.3.1,10.4.3,No
defer-to-connect,2.0.1,2.0.1,No
diffie-hellman,5.0.3,5.0.3,No
dom-serializer,1.4.1,2.0.0,No
domexception,2.0.1,4.0.0,No
ecc-jsbn,0.1.2,0.2.0,No
es-array-method-boxes-properly,1.0.0,1.0.0,No
es-get-iterator,1.1.2,1.1.3,No
event-target-shim,5.0.1,6.0.2,No
exec-sh,0.3.6,0.4.0,No
expand-brackets,2.1.4,4.0.0,No
figgy-pudding,3.5.2,3.5.2,No
foreground-child,2.0.0,3.3.0,No
getpass,0.1.7,0.1.7,No
gopd,1.0.1,1.2.0,No
has-values,1.0.0,2.0.1,No
hast-util-from-parse5,6.0.1,8.0.2,No
hast-util-to-parse5,6.0.0,8.0.0,No
html-encoding-sniffer,2.0.1,4.0.0,No
html-void-elements,1.0.5,3.0.0,No
http-cache-semantics,4.1.0,4.1.1,No
http-proxy-agent,4.0.1,7.0.2,No
infer-owner,1.0.4,1.0.4,No
inline-style-parser,0.1.1,0.2.4,No
is-alphabetical,1.0.4,2.0.1,No
is-bigint,1.0.4,1.1.0,No
is-boolean-object,1.1.2,1.2.1,No
is-decimal,1.0.4,2.0.1,No
is-number-object,1.0.7,1.1.0,No
is-potential-custom-element-name,1.0.1,1.0.1,No
is-text-path,1.0.1,3.0.0,No
is-whitespace-character,1.0.4,2.0.1,No
is-windows,1.0.2,1.0.2,No
is-word-character,1.0.4,2.0.1,No
iterate-iterator,1.0.2,1.0.2,No
jsbn,0.1.1,1.1.0,No
json-schema,0.4.0,0.4.0,No
klona,2.0.5,2.0.6,No
map-visit,1.0.0,1.0.0,No
markdown-escapes,1.0.4,2.0.1,No
mdast-squeeze-paragraphs,4.0.0,6.0.0,No
mdurl,1.0.1,2.0.0,No
mississippi,3.0.0,4.0.0,No
move-concurrently,1.0.1,1.0.1,No
node-domexception,1.0.0,2.0.1,No
normalize-range,0.1.2,0.1.2,No
num2fraction,1.2.2,1.2.2,No
nwsapi,2.2.0,2.2.16,No
object-copy,0.1.0,1.0.0,No
object-visit,1.0.1,1.0.1,No
obliterator,1.6.1,2.0.4,No
parse-entities,2.0.0,4.0.2,No
pbkdf2,3.1.2,3.1.2,No
promise-inflight,1.0.1,1.0.1,No
public-encrypt,4.0.3,4.0.3,No
pvtsutils,1.3.2,1.3.6,No
querystringify,2.2.0,2.2.0,No
randomfill,1.0.4,1.0.4,No
ssri,6.0.2,12.0.0,No
state-toggle,1.0.3,2.0.2,No
streamsearch,1.1.0,1.1.0,No
symbol-tree,3.2.4,3.2.4,No
text-hex,1.0.0,1.0.0,No
to-arraybuffer,1.0.1,1.0.1,No
traverse,0.3.9,0.6.10,No
trim-trailing-lines,1.1.4,2.1.0,No
trim,1.0.1,1.0.1,No
trough,1.0.5,2.2.0,No
ts-pnp,1.2.0,1.2.0,No
tweetnacl,0.14.5,1.0.3,No
unherit,1.1.3,3.0.1,No
unicode-canonical-property-names-ecmascript,2.0.0,2.0.1,No
unicode-property-aliases-ecmascript,2.0.0,2.1.0,No
unique-filename,1.1.1,4.0.0,No
unist-util-generated,1.1.6,3.0.0,No
unist-util-position,3.1.0,5.0.0,No
unist-util-remove-position,2.0.1,5.0.0,No
untildify,2.1.0,5.0.0,No
verror,1.10.0,1.10.1,No
vfile-location,3.2.0,5.0.3,No
vfile,4.2.1,6.0.3,No
w3c-hr-time,1.0.2,1.0.2,No
w3c-xmlserializer,2.0.0,5.0.0,No
web-namespaces,1.1.4,2.0.1,No
webcrypto-core,1.7.5,1.8.1,No
whatwg-encoding,1.0.5,3.1.1,No
whatwg-mimetype,2.3.0,4.0.0,No
worker-rpc,0.1.1,0.2.0,No
xml-name-validator,3.0.0,5.0.0,No
zwitch,1.0.5,2.0.4,No
@mrmlnc/readdir-enhanced,2.2.1,Unknown,No
@npmcli/fs,1.1.1,Unknown,No
@npmcli/move-file,1.1.2,Unknown,No
@protobufjs/aspromise,1.1.2,Unknown,No
@protobufjs/base64,1.1.2,Unknown,No
@protobufjs/codegen,2.0.4,Unknown,No
@protobufjs/eventemitter,1.1.0,Unknown,No
@protobufjs/fetch,1.1.0,Unknown,No
@protobufjs/float,1.0.2,Unknown,No
@protobufjs/inquire,1.1.0,Unknown,No
@protobufjs/path,1.1.2,Unknown,No
@protobufjs/pool,1.1.0,Unknown,No
@protobufjs/utf8,1.1.0,Unknown,No
@tootallnate/once,1.1.2,Unknown,No
@types/long,4.0.2,Unknown,No
@types/parse5,5.0.3,Unknown,No
asn1js,3.0.5,3.0.5,No
async-each,1.0.3,1.0.6,No
browser-process-hrtime,1.0.0,1.0.0,No
browserify-aes,1.2.0,1.2.0,No
browserify-des,1.0.2,1.0.2,No
browserify-rsa,4.1.0,4.1.1,No
character-entities-legacy,1.1.4,3.0.0,No
character-entities,1.2.4,2.0.2,No
character-reference-invalid,1.1.4,2.0.1,No
cipher-base,1.0.4,1.0.6,No
color-string,1.9.0,1.9.1,No
concat-stream,1.6.2,2.0.0,No
copy-concurrently,1.0.5,1.0.5,No
copy-descriptor,0.1.1,0.1.1,No
crc-32,1.2.2,1.2.2,No
duplexify,3.7.1,4.1.3,No
elliptic,6.5.4,6.6.1,No
evp_bytestokey,1.0.3,1.0.3,No
flush-write-stream,1.1.1,2.0.0,No
from2,2.3.0,2.3.0,No
fs-minipass,2.1.0,3.0.3,No
fs-write-stream-atomic,1.0.10,1.0.10,No
hast-to-hyperscript,9.0.1,11.0.0,No
hastscript,6.0.0,9.0.0,No
is-alphanumerical,1.0.4,2.0.1,No
is-hexadecimal,1.0.4,2.0.1,No
is-map,2.0.2,2.0.3,No
is-set,2.0.2,2.0.3,No
jsonparse,1.3.1,1.3.1,No
long,4.0.0,5.2.3,No
loud-rejection,1.6.0,2.2.0,No
md5.js,1.3.5,1.3.5,No
microevent.ts,0.1.1,0.2.1,No
miller-rabin,4.0.1,4.0.1,No
minipass-collect,1.0.2,2.0.1,No
minipass-flush,1.0.5,1.0.5,No
minipass-pipeline,1.2.4,1.2.4,No
minipass,3.1.6,7.1.2,No
number-is-nan,1.0.1,3.0.0,No
os-homedir,1.0.2,2.0.0,No
parallel-transform,1.2.0,1.2.0,No
parse-asn1,5.1.6,5.1.7,No
posix-character-classes,0.1.1,1.0.0,No
property-information,5.6.0,6.5.0,No
pumpify,1.5.1,2.0.1,No
ripemd160,2.0.2,2.0.2,No
rsvp,4.8.5,4.8.5,No
run-queue,1.0.3,2.0.1,No
set-function-length,1.1.1,1.2.2,No
stream-each,1.2.3,1.2.3,No
tar,6.1.11,7.4.3,No
text-extensions,1.9.0,3.1.0,No
type-detect,4.0.8,4.1.0,No
unique-slug,2.0.2,5.0.0,No
unist-util-remove,2.1.0,4.0.0,No
unist-util-stringify-position,2.0.3,4.0.0,No
upath,1.2.0,2.0.1,No
url-parse-lax,3.0.0,5.0.0,No
vfile-message,2.0.4,4.0.2,No
@gar/promisify,1.1.3,Unknown,No
asn1.js,5.4.1,5.4.1,No
bindings,1.5.0,1.5.0,No
brorand,1.1.0,1.1.0,No
buffer-xor,1.0.3,2.0.2,No
call-me-maybe,1.0.1,1.0.2,No
comma-separated-tokens,1.0.8,2.0.3,No
currently-unhandled,0.4.1,0.4.1,No
cyclist,1.0.1,1.0.2,No
define-data-property,1.1.1,1.1.4,No
des.js,1.0.1,1.1.0,No
has-proto,1.0.1,1.2.0,No
hash-base,3.1.0,3.1.0,No
hash.js,1.1.7,1.1.7,No
hast-util-parse-selector,2.2.5,4.0.0,No
hmac-drbg,1.0.1,1.0.1,No
iferr,0.1.5,1.0.2,No
minimalistic-crypto-utils,1.0.1,1.0.1,No
minizlib,2.1.2,3.0.1,No
nan,2.15.0,2.22.0,No
path-dirname,1.0.2,1.0.2,No
prepend-http,2.0.0,4.0.0,No
pvutils,1.1.3,1.1.3,No
simple-swizzle,0.2.2,0.2.2,No
stream-shift,1.0.1,1.0.3,No
typedarray,0.0.6,0.0.7,No
array-find-index,1.0.2,1.0.2,No
file-uri-to-path,1.0.0,2.0.0,No
get-stdin,4.0.1,9.0.0,No
repeating,2.0.1,4.0.0,No
is-finite,1.1.0,2.0.0,No
is-utf8,0.2.1,0.2.1,No
